site_id,region,catchment,latitude,longitude,wfs_land_cover,wfs_altitude,rec_land_cover_type,mean_annual_rainfall_mm,pct_cropland,pct_forest,pct_grassland_other_herbaceous_vegetation,pct_scrub_shrubland,pct_urban_bare_lightly-vegetated_surfaces,pct_cropping_horticulture,pct_exotic_forest,pct_exotic_grassland,pct_exotic_scrub_shrubland,pct_indigenous_forest,pct_indigenous_scrub_shrubland,pct_tussock_grassland,pct_urban_area,pct_other_herbaceous_vegetation,pct_natural_bare_lightly-vegetated_surfaces,pct_artificial_bare_surfaces,ecoli_median,drp_median,clarity_median,ammoniacal_n_median,no3n_median,ton_median,ecoli_band,drp_band,nitrate_band,clarity_band,ammoniacal_n_band,no3n_band,ton_band
arc-00001,Auckland,Cascade Stream,-36.88888973,174.5221147,Forest,upland,Native vegetation,1566,0.08,54.52,22.78,19.77,2.02,0.08,3.19,20.71,0.08,51.33,19.69,0,0.87,2.07,0.87,0.28,51,0.007,2.8763,0.0015,0.0054,0.0065,A,B,A,A,A,A,A
arc-00004,Auckland,Lucas Creek,-36.72308,174.6962,Urban,lowland,Urban,1356,0,13.44,11.21,7.51,65.78,0,1.42,11.21,0.23,12.03,7.28,0,64.31,0,0,1.47,270,0.008,1.1907,0.0066,0.22,0.22,E,C,A,A,A,A,A
arc-00005,Auckland,Mahurangi River,-36.44847,174.6488,Forest,upland,Exotic forest,1498,0.34,41.01,49.44,4.83,4.24,0.34,25.59,49.41,1.27,15.43,3.56,0,4.02,0.02,0,0.22,210,0.003,1.1432,0.0046,0.25,0.25,D,A,A,A,A,A,A
arc-00006,Auckland,Mahurangi River,-36.39951,174.66004,Rural,lowland,Pasture,1498,0.34,41.01,49.44,4.83,4.24,0.34,25.59,49.41,1.27,15.43,3.56,0,4.02,0.02,0,0.22,270,0.008,0.8074,0.0056,0.137,0.143,E,B,A,B,A,A,A
arc-00008,Auckland,Matakana River,-36.34494068,174.7113581,Rural,lowland,Pasture,1422,0.15,47.82,43.17,7.25,1.62,0.15,8.85,43.17,0.09,38.97,7.16,0,1.62,0,0,0,270,0.009,0.9335,0.0041,0.021,0.023,E,B,A,A,A,A,A
arc-00010,Auckland,Oakley Creek,-36.87616067,174.7047744,Urban,lowland,Urban,1351,0,2.14,0,0.03,97.83,0,0.01,0,0,2.13,0.03,0,97.35,0,0,0.48,950,0.0245,1.2553,0.0053,1.08,1.08,E,D,B,A,A,B,B
arc-00013,Auckland,Opanuku Stream,-36.8949146,174.5946637,Forest,lowland,Native vegetation,1566,3.75,34.24,15.17,13.89,32.95,3.75,1.38,15.17,0.16,32.86,13.73,0,32.95,0,0,0,400,0.005,1.4929,0.0033,0.09,0.092,E,A,A,A,A,A,A
arc-00015,Auckland,Otara Creek,-36.96228,174.87998,Urban,lowland,Urban,1370,0.3,4.98,21.64,0.18,72.83,0.3,1.39,21.64,0,3.58,0.18,0,72.48,0,0,0.35,1500,0.011,1.2972,0.0108,0.85,0.87,E,C,B,A,B,B,B
arc-00016,Auckland,Otara Creek,-36.95570212,174.8906209,Urban,lowland,Pasture,1370,0.3,4.98,21.64,0.18,72.83,0.3,1.39,21.64,0,3.58,0.18,0,72.48,0,0,0.35,560,0.012,0.738,0.0061,0.25,0.26,E,C,A,C,A,A,A
arc-00018,Auckland,Pakuranga Creek,-36.91292863,174.9150428,Urban,lowland,Urban,1370,0,1.2,1.09,0.03,97.64,0,0.26,1.09,0,0.94,0.03,0,97.64,0,0,0,2700,0.009,0.9967,0.0281,0.78,0.79,E,C,B,A,B,B,B
arc-00019,Auckland,Pakuranga Creek,-36.93337,174.90294,Urban,lowland,Urban,1370,0,1.2,1.09,0.03,97.64,0,0.26,1.09,0,0.94,0.03,0,97.64,0,0,0,580,0.032,0.7601,0.2561,0.36,0.42,E,D,A,B,C,A,A
arc-00021,Auckland,Papakura Stream,-37.02815702,174.9232172,Rural,lowland,Pasture,1351,1.5,15.27,63.3,2.81,17.08,1.5,7.25,63.3,1.14,8.02,1.68,0,15.58,0,0,1.5,1100,0.025,0.8236,0.0081,0.28,0.29,E,D,A,B,A,A,A
arc-00022,Auckland,Puhinui Stream,-36.99273289,174.8704021,Urban,lowland,Urban,1370,4.06,5.87,16.47,1.45,71.86,4.06,1.36,16.47,1.44,4.5,0.01,0,69.5,0,0.19,2.17,195,0.0105,1.3506,0.0067,0.4,0.41,D,C,A,A,A,A,A
arc-00024,Auckland,Vaughans Stream,-36.68438092,174.7394549,Urban,lowland,Pasture,1356,0,8.4,45.62,15.98,29.8,0,3.32,45.62,0.44,5.07,15.54,0,29.41,0,0.39,0,460,0.008,1.0534,0.0032,0.039,0.041,E,B,A,A,A,A,A
arc-00025,Auckland,Wairoa River,-37.01335,175.05319,Rural,lowland,Pasture,1556,1.04,38.71,51.84,6.81,0.58,1.04,18.93,51.77,0.4,19.78,6.41,0,0.43,0.07,0,0.15,345,0.009,0.8535,0.0044,0.26,0.27,E,B,A,B,A,A,A
arc-00026,Auckland,Waiwera Stream,-36.55098,174.6605,Rural,lowland,Pasture,1431,0.33,32.63,48.02,18.88,0.03,0.33,5.45,48.02,1.67,27.18,17.21,0,0,0,0,0.03,270,0.007,1.2013,0.0063,0.0775,0.08,E,B,A,A,A,A,A
arc-00027,Auckland,West Hoe Stream,-36.57847326,174.6575684,Forest,upland,Native vegetation,1431,0,15.57,39.31,24.87,20.25,0,3.07,39.31,1.24,12.49,23.63,0,17.51,0,0,2.74,36,0.003,0.9028,0.001,0.0037,0.0047,B,A,A,B,A,A,A
arc-00028,Auckland,Waitangi Stream,-37.22702345,174.7398175,Rural,lowland,Pasture,1312,13.84,4.71,80.99,0.11,0.29,13.84,1.13,80.99,0,3.59,0.11,0,0.29,0,0,0,290,0.005,2.8482,0.0028,2.05,2.1,E,A,B,A,A,B,B
arc-00029,Auckland,Whangamarie Stream,-37.17069,174.84243,Rural,lowland,Pasture,1393,18.23,2.23,77.82,0,1.72,18.23,1.3,77.82,0,0.93,0,0,1.72,0,0,0,800,0.006,,0.0033,13.1,13.1,E,A,D,,A,D,D
arc-00030,Auckland,Wairoa River,-37.09236018,175.1007314,Forest,upland,Native vegetation,1556,1.04,38.71,51.84,6.81,0.58,1.04,18.93,51.77,0.4,19.78,6.41,0,0.43,0.07,0,0.15,40,0.021,1.0258,0.0016,0.064,0.064,A,D,A,A,A,A,A
arc-00033,Auckland,Makarau River,-36.55660033,174.5206766,Rural,lowland,Pasture,1431,0,29.37,59.85,10.51,0.09,0,19.78,59.83,0.25,9.6,10.26,0,0,0.02,0,0.09,225,0.008,1.3661,0.0034,0.0415,0.044,D,B,A,A,A,A,A
arc-00034,Auckland,Omaru Creek,-36.88052,174.863,Urban,lowland,Urban,1370,0,0,0,0,100,0,0,0,0,0,0,0,100,0,0,0,1000,0.026,1.0162,0.0181,0.66,0.68,E,D,B,A,B,B,B
arc-00035,Auckland,Kaukapakapa River,-36.6306,174.51899,Rural,lowland,Pasture,1431,0.5,14.92,74.62,8.97,0.66,0.5,5.55,74.28,0.14,9.37,8.82,0,0.57,0.34,0,0.08,260,0.0165,0.8129,0.0082,0.127,0.13,D,C,A,B,A,A,A
arc-00036,Auckland,Avondale,-36.9232796,174.691779,Urban,lowland,Urban,1351,0,4.2,0,3.66,92.14,0,1.08,0,0,3.12,3.66,0,92.14,0,0,0,1750,0.007,0.5932,0.0111,0.35,0.35,E,C,A,D,B,A,A
arc-00039,Auckland,Onetangi Stream,-36.79168,175.08737,Forest,upland,Native vegetation,1364,0,28.4,6.71,32.92,31.66,0,0.21,6.71,0,28.19,32.92,0,30.69,0,0.96,0,50,0.019,0.9649,0.0034,0.21,0.21,D,D,A,A,A,A,A
arc-00040,Auckland,Waiheke Cascade Stream,-36.81831942,175.0847173,Rural,upland,Native vegetation,1364,6.71,15.32,30.83,46.86,0,6.71,0,25.8,0,15.32,46.86,0,0,5.03,0,0,45,0.009,1.0094,0.0028,0.111,0.113,C,B,A,A,A,A,A
arc-00074,Auckland,Lucas Creek,-36.73191,174.69479,Urban,upland,Urban,1356,0,13.44,11.21,7.51,65.78,0,1.42,11.21,0.23,12.03,7.28,0,64.31,0,0,1.47,400,0.015,1.048,0.0103,0.38,0.38,E,C,A,A,A,A,A
arc-00133,Auckland,Okura Creek,-36.66960442,174.7148078,Rural,lowland,Native vegetation,1356,0.06,41.47,34.28,20.85,3.33,0.06,18.43,34.28,0.26,23.04,20.59,0,1.46,0,0,1.87,330,0.01,0.4915,0.0079,0.1695,0.1745,E,D,A,D,B,A,A
ew-00001,Waikato,Awakino River,-38.563108,174.837121,Rural,lowland,Native vegetation,1776,0.02,57.05,40.35,2.15,0.14,0.02,6.07,40.25,0.18,50.98,1.98,0,0.01,0.09,0.12,0.01,115,0.011,,0.0048,,0.069,D,C,A,,A,,A
ew-00004,Waikato,Waikato River,-37.587011,175.09097,Rural,lowland,Pasture,1379,0.99,32.68,54.57,3.87,2.29,0.99,16.6,53.4,0.48,16.08,3.39,0.55,1.4,0.62,0.69,0.2,245,0.004,1.44,0.0367,,0.455,D,A,A,A,B,,A
ew-00005,Waikato,Waihou River,-37.288792,175.671725,Forest,lowland,Pasture,1892,0.69,37.6,58.18,1.4,1.38,0.69,10.59,57.96,0.31,27.01,1.09,0,1.08,0.22,0,0.29,320,0.004,2.495,0.0045,,0.026,E,A,A,A,A,,A
ew-00006,Waikato,Waikato River,-38.854597,176.02135,Forest,upland,Native vegetation,1492,0.99,32.68,54.57,3.87,2.29,0.99,16.6,53.4,0.48,16.08,3.39,0.55,1.4,0.62,0.69,0.2,29,0.022,2.225,0.0056,,0.0775,A,D,A,A,A,,A
ew-00007,Waikato,Waikato River,-37.8706,175.140831,Rural,lowland,Pasture,1718,0.99,32.68,54.57,3.87,2.29,0.99,16.6,53.4,0.48,16.08,3.39,0.55,1.4,0.62,0.69,0.2,240,0.0055,,0.0061,,0.28,D,A,A,,A,,A
ew-00008,Waikato,Waikato River,-37.899548,175.534944,Forest,lowland,Pasture,1390,0.99,32.68,54.57,3.87,2.29,0.99,16.6,53.4,0.48,16.08,3.39,0.55,1.4,0.62,0.69,0.2,450,0.042,,0.0101,,,E,D,,,A,,
ew-00009,Waikato,Kauaeranga River,-37.157129,175.59021,Rural,lowland,Native vegetation,1944,0.06,84.92,6.76,6.6,1.19,0.06,4.2,6.66,0.31,80.72,6.29,0,1.14,0.1,0.03,0.02,,0.004,,0.0043,,0.0035,,A,A,,A,,A
ew-00010,Waikato,Waikato River,-38.382238,176.342556,Rural,upland,Pasture,1508,0.99,32.68,54.57,3.87,2.29,0.99,16.6,53.4,0.48,16.08,3.39,0.55,1.4,0.62,0.69,0.2,800,0.0425,1.04,0.0075,,3.1,E,D,C,D,A,,C
ew-00012,Waikato,Waikato River,-37.625389,175.252742,Rural,lowland,Pasture,1281,0.99,32.68,54.57,3.87,2.29,0.99,16.6,53.4,0.48,16.08,3.39,0.55,1.4,0.62,0.69,0.2,1850,0.0065,,0.2615,,1.37,E,B,C,,C,,C
ew-00013,Waikato,Waikato River,-38.891086,175.600019,Forest,upland,Native vegetation,1647,0.99,32.68,54.57,3.87,2.29,0.99,16.6,53.4,0.48,16.08,3.39,0.55,1.4,0.62,0.69,0.2,27.5,0.004,2.74,0.004,,0.084,A,A,A,A,A,,A
ew-00014,Waikato,Waikato River,-38.888733,175.768604,Forest,upland,Pasture,1560,0.99,32.68,54.57,3.87,2.29,0.99,16.6,53.4,0.48,16.08,3.39,0.55,1.4,0.62,0.69,0.2,51,0.004,,0.0056,,0.59,A,A,A,,A,,A
ew-00019,Waikato,Waikato River,-38.458264,175.733878,Forest,upland,Pasture,1453,0.99,32.68,54.57,3.87,2.29,0.99,16.6,53.4,0.48,16.08,3.39,0.55,1.4,0.62,0.69,0.2,120,0.037,,0.0052,,0.785,B,D,A,,A,,A
ew-00020,Waikato,Waikato River,-37.811797,175.300495,Rural,lowland,Urban,1305,0.99,32.68,54.57,3.87,2.29,0.99,16.6,53.4,0.48,16.08,3.39,0.55,1.4,0.62,0.69,0.2,900,0.176,0.42,0.0837,,0.8,E,D,B,D,B,,B
ew-00021,Waikato,Waikato River,-38.196944,175.839423,Rural,upland,Pasture,1588,0.99,32.68,54.57,3.87,2.29,0.99,16.6,53.4,0.48,16.08,3.39,0.55,1.4,0.62,0.69,0.2,900,0.1625,0.685,0.0335,,2.6,E,D,C,D,B,,C
ew-00022,Waikato,Awakino River,-38.647494,174.669925,Rural,lowland,Pasture,2187,0.02,57.05,40.35,2.15,0.14,0.02,6.07,40.25,0.18,50.98,1.98,0,0.01,0.09,0.12,0.01,230,0.011,,0.0052,,0.097,D,C,A,,A,,A
ew-00023,Waikato,Waikato River,-38.050006,175.538433,Rural,upland,Native vegetation,1475,0.99,32.68,54.57,3.87,2.29,0.99,16.6,53.4,0.48,16.08,3.39,0.55,1.4,0.62,0.69,0.2,50,0.035,1.28,0.0056,,0.2,D,D,A,D,A,,A
ew-00024,Waikato,Waikato River,-38.337586,175.169517,Urban,lowland,Pasture,1687,0.99,32.68,54.57,3.87,2.29,0.99,16.6,53.4,0.48,16.08,3.39,0.55,1.4,0.62,0.69,0.2,605,0.012,0.9,0.0077,,0.62,E,C,A,D,A,,A
ew-00025,Waikato,Waikato River,-37.809245,175.336252,Rural,lowland,Pasture,1260,0.99,32.68,54.57,3.87,2.29,0.99,16.6,53.4,0.48,16.08,3.39,0.55,1.4,0.62,0.69,0.2,1100,0.058,,0.0129,,2.2,E,D,B,,A,,B
ew-00026,Waikato,Waikato River,-37.779864,175.387364,Rural,lowland,Pasture,1260,0.99,32.68,54.57,3.87,2.29,0.99,16.6,53.4,0.48,16.08,3.39,0.55,1.4,0.62,0.69,0.2,1300,0.011,0.825,0.0307,,1.31,E,C,B,B,B,,B
ew-00027,Waikato,Waikato River,-37.816906,175.512783,Rural,lowland,Pasture,1337,0.99,32.68,54.57,3.87,2.29,0.99,16.6,53.4,0.48,16.08,3.39,0.55,1.4,0.62,0.69,0.2,200,0.011,1.08,0.0052,,0.55,E,C,A,D,A,,A
ew-00029,Waikato,Waikato River,-37.976544,175.266702,Rural,lowland,Pasture,1374,0.99,32.68,54.57,3.87,2.29,0.99,16.6,53.4,0.48,16.08,3.39,0.55,1.4,0.62,0.69,0.2,1150,0.074,,0.0247,,1.115,E,D,B,,B,,B
ew-00033,Waikato,Waikato River,-38.098228,175.396143,Rural,lowland,Pasture,1347,0.99,32.68,54.57,3.87,2.29,0.99,16.6,53.4,0.48,16.08,3.39,0.55,1.4,0.62,0.69,0.2,205,0.0075,1.31,0.0045,,0.355,D,B,A,D,A,,A
ew-00035,Waikato,Waikato River,-37.559682,175.243007,Forest,lowland,Pasture,1281,0.99,32.68,54.57,3.87,2.29,0.99,16.6,53.4,0.48,16.08,3.39,0.55,1.4,0.62,0.69,0.2,1900,0.04,0.21,0.137,,0.81,E,D,C,D,B,,C
ew-00039,Waikato,Waikato River,-38.689961,175.966014,Forest,upland,Pasture,1486,0.99,32.68,54.57,3.87,2.29,0.99,16.6,53.4,0.48,16.08,3.39,0.55,1.4,0.62,0.69,0.2,90,0.1115,1.185,0.0056,,0.77,A,D,A,D,A,,A
ew-00040,Waikato,Marokopa River,-38.259439,174.834719,Rural,lowland,Pasture,1944,0,49.6,47.56,2.45,0.09,0,6.32,47.34,0.08,43.27,2.38,0,0.05,0.22,0.04,0,235,0.011,,0.0088,,0.265,E,C,A,,A,,A
ew-00042,Waikato,Waikato River,-37.482234,175.239393,Rural,lowland,Pasture,1321,0.99,32.68,54.57,3.87,2.29,0.99,16.6,53.4,0.48,16.08,3.39,0.55,1.4,0.62,0.69,0.2,1000,0.0195,,0.018,,0.62,E,D,B,,B,,B
ew-00046,Waikato,Mokau River,-38.551186,174.981994,Rural,lowland,Pasture,1776,0.06,32.48,64.1,2.89,0.15,0.06,4.98,64.02,0.45,27.5,2.45,0,0.1,0.09,0.01,0.04,300,0.008,,0.0086,,0.265,E,B,A,,A,,A
ew-00048,Waikato,Ohautira Stream,-37.763159,174.97252,Rural,lowland,Pasture,1396,0,49.77,21.92,28.22,0.01,0,7.67,21.86,8.19,42.1,20.03,0,0,0.07,0,0.01,360,0.02,,0.0052,,0.31,E,D,A,,A,,A
ew-00050,Waikato,Waihou River,-37.373438,175.866745,Rural,lowland,Pasture,1677,0.69,37.6,58.18,1.4,1.38,0.69,10.59,57.96,0.31,27.01,1.09,0,1.08,0.22,0,0.29,155,0.004,,0.0048,,0.475,D,A,A,,A,,A
ew-00051,Waikato,Waikato River,-37.767553,175.151394,Rural,lowland,Pasture,1477,0.99,32.68,54.57,3.87,2.29,0.99,16.6,53.4,0.48,16.08,3.39,0.55,1.4,0.62,0.69,0.2,780,0.015,,0.0241,,0.44,E,C,B,,B,,B
ew-00052,Waikato,Oparau River,-38.042661,174.933336,Rural,lowland,Pasture,1647,0,37.15,57.79,4.9,0.07,0,2.66,57.61,2.56,34.49,2.34,0,0.07,0.18,0,0,190,0.0055,,0.0052,,0.118,D,A,A,,A,,A
ew-00054,Waikato,Waihou River,-37.922147,175.770608,Rural,lowland,Pasture,1411,0.69,37.6,58.18,1.4,1.38,0.69,10.59,57.96,0.31,27.01,1.09,0,1.08,0.22,0,0.29,800,0.093,0.83,0.0167,,2.1,E,D,B,D,B,,B
ew-00056,Waikato,Waikato River,-38.307196,176.263728,Forest,upland,Pasture,1568,0.99,32.68,54.57,3.87,2.29,0.99,16.6,53.4,0.48,16.08,3.39,0.55,1.4,0.62,0.69,0.2,410,0.137,1.09,0.0115,,0.94,E,D,B,D,B,,B
ew-00057,Waikato,Piako River,-37.702152,175.60416,Rural,lowland,Pasture,1337,1.56,6,90.25,0.55,1.33,1.56,2.54,83.92,0.01,3.46,0.54,0,1.2,6.33,0,0.13,420,0.028,,0.0052,,0.68,E,D,B,,A,,B
ew-00059,Waikato,Piako River,-37.8251,175.628114,Rural,lowland,Pasture,1337,1.56,6,90.25,0.55,1.33,1.56,2.54,83.92,0.01,3.46,0.54,0,1.2,6.33,0,0.13,50,0.009,1.02,0.0048,,0.26,B,B,A,D,A,,A
ew-00060,Waikato,Waikato River,-38.057921,175.722552,Rural,lowland,Pasture,1445,0.99,32.68,54.57,3.87,2.29,0.99,16.6,53.4,0.48,16.08,3.39,0.55,1.4,0.62,0.69,0.2,540,0.079,1.04,0.005,,2.1,E,D,B,D,B,,B
ew-00066,Waikato,Tapu River,-36.981587,175.505095,Forest,lowland,Native vegetation,1908,0,85.42,3.66,10.4,0.51,0,1.29,3.66,0.04,84.13,10.37,0,0.46,0,0.05,0,,,3.48,,,,,,,A,,,
ew-00068,Waikato,Marokopa River,-38.264078,174.844733,Forest,lowland,Pasture,1944,0,49.6,47.56,2.45,0.09,0,6.32,47.34,0.08,43.27,2.38,0,0.05,0.22,0.04,0,240,0.012,0.97,0.0076,,0.315,E,C,A,D,A,,A
ew-00069,Waikato,Waikato River,-38.979237,175.774384,Forest,upland,Native vegetation,1560,0.99,32.68,54.57,3.87,2.29,0.99,16.6,53.4,0.48,16.08,3.39,0.55,1.4,0.62,0.69,0.2,6,0.004,,0.0057,,0.003,A,A,A,,A,,A
ew-00070,Waikato,Waikato River,-38.992125,175.788064,Rural,upland,Pasture,1560,0.99,32.68,54.57,3.87,2.29,0.99,16.6,53.4,0.48,16.08,3.39,0.55,1.4,0.62,0.69,0.2,17.5,0.071,,0.0048,,0.45,A,D,A,,A,,A
ew-00071,Waikato,Waikato River,-38.487184,176.306522,Forest,upland,Pasture,1491,0.99,32.68,54.57,3.87,2.29,0.99,16.6,53.4,0.48,16.08,3.39,0.55,1.4,0.62,0.69,0.2,240,0.072,,0.0059,,0.72,D,D,A,,A,,A
ew-00074,Waikato,Waikato River,-38.700456,175.683778,Forest,upland,Native vegetation,1515,0.99,32.68,54.57,3.87,2.29,0.99,16.6,53.4,0.48,16.08,3.39,0.55,1.4,0.62,0.69,0.2,14,0.0155,,0.0045,,0.0785,A,C,A,,A,,A
ew-00075,Waikato,Waihou River,-37.787446,175.839374,Urban,lowland,Pasture,1831,0.69,37.6,58.18,1.4,1.38,0.69,10.59,57.96,0.31,27.01,1.09,0,1.08,0.22,0,0.29,340,0.06,,0.0056,,1.19,E,D,B,,A,,B
ew-00076,Waikato,Waihou River,-38.019259,175.814087,Forest,lowland,Pasture,1445,0.69,37.6,58.18,1.4,1.38,0.69,10.59,57.96,0.31,27.01,1.09,0,1.08,0.22,0,0.29,170,0.0685,4.78,0.004,,0.86,D,D,A,A,A,,A
ew-00077,Waikato,Waikato River,-37.69773,175.206775,Forest,lowland,Pasture,1305,0.99,32.68,54.57,3.87,2.29,0.99,16.6,53.4,0.48,16.08,3.39,0.55,1.4,0.62,0.69,0.2,110,0.017,1.52,0.0076,,0.405,C,C,A,D,A,,A
ew-00078,Waikato,Waikato River,-37.566247,175.154279,Forest,lowland,Urban,1379,0.99,32.68,54.57,3.87,2.29,0.99,16.6,53.4,0.48,16.08,3.39,0.55,1.4,0.62,0.69,0.2,220,0.0185,0.92,0.0076,,0.49,D,D,A,B,A,,A
ew-00079,Waikato,Waikato River,-37.281276,175.0467,Forest,lowland,Pasture,1373,0.99,32.68,54.57,3.87,2.29,0.99,16.6,53.4,0.48,16.08,3.39,0.55,1.4,0.62,0.69,0.2,150,0.014,0.68,0.0067,,0.5,D,C,A,D,A,,A
ew-00080,Waikato,Waikato River,-37.839632,175.347737,Forest,lowland,Pasture,1287,0.99,32.68,54.57,3.87,2.29,0.99,16.6,53.4,0.48,16.08,3.39,0.55,1.4,0.62,0.69,0.2,60,0.015,1.82,0.0106,,0.375,A,C,A,D,A,,A
ew-00082,Waikato,Waikato River,-38.532797,176.303751,Forest,upland,Exotic forest,1353,0.99,32.68,54.57,3.87,2.29,0.99,16.6,53.4,0.48,16.08,3.39,0.55,1.4,0.62,0.69,0.2,30,0.005,5.05,0.0056,,0.0465,A,A,A,A,A,,A
ew-00083,Waikato,Waikato River,-38.407,176.086139,Forest,upland,Pasture,1479,0.99,32.68,54.57,3.87,2.29,0.99,16.6,53.4,0.48,16.08,3.39,0.55,1.4,0.62,0.69,0.2,6,0.008,,0.0056,,0.119,A,B,A,,A,,A
ew-00084,Waikato,Waikato River,-37.296006,174.945175,Forest,lowland,Pasture,1393,0.99,32.68,54.57,3.87,2.29,0.99,16.6,53.4,0.48,16.08,3.39,0.55,1.4,0.62,0.69,0.2,110,0.012,0.7,0.0068,,0.48,D,C,A,D,A,,A
ew-00085,Waikato,Waikato River,-38.285508,175.685224,Forest,lowland,Pasture,1515,0.99,32.68,54.57,3.87,2.29,0.99,16.6,53.4,0.48,16.08,3.39,0.55,1.4,0.62,0.69,0.2,10,0.014,,0.0107,,0.27,A,C,A,,A,,A
ew-00086,Waikato,Waikato River,-38.418715,175.806339,Forest,upland,Pasture,1453,0.99,32.68,54.57,3.87,2.29,0.99,16.6,53.4,0.48,16.08,3.39,0.55,1.4,0.62,0.69,0.2,10,0.008,,0.0061,,0.186,A,B,A,,A,,A
ew-00087,Waikato,Waingaro River,-37.732591,174.968245,Rural,lowland,Pasture,1396,0.24,37.7,51.83,9.97,0.27,0.24,25.8,51.79,2.09,11.9,7.88,0,0.24,0.04,0,0.03,230,0.009,,0.0061,,0.41,D,B,A,,A,,A
ew-00089,Waikato,Waihou River,-37.853301,175.86548,Rural,lowland,Pasture,1743,0.69,37.6,58.18,1.4,1.38,0.69,10.59,57.96,0.31,27.01,1.09,0,1.08,0.22,0,0.29,460,0.015,1.15,0.0052,,0.51,E,C,A,D,A,,A
ew-00090,Waikato,Waikato River,-38.380069,176.346658,Rural,upland,Pasture,1508,0.99,32.68,54.57,3.87,2.29,0.99,16.6,53.4,0.48,16.08,3.39,0.55,1.4,0.62,0.69,0.2,5,0.004,1.025,0.3007,,1.05,D,A,B,D,C,,B
ew-00091,Waikato,Waikato River,-38.454986,176.327547,Rural,upland,Pasture,1491,0.99,32.68,54.57,3.87,2.29,0.99,16.6,53.4,0.48,16.08,3.39,0.55,1.4,0.62,0.69,0.2,310,0.032,,0.1042,,1.45,E,D,B,,B,,B
ew-00094,Waikato,Waikato River,-38.192238,175.208646,Forest,lowland,Pasture,1514,0.99,32.68,54.57,3.87,2.29,0.99,16.6,53.4,0.48,16.08,3.39,0.55,1.4,0.62,0.69,0.2,395,0.006,,0.0061,,0.48,E,A,A,,A,,A
ew-00095,Waikato,Waikato River,-38.423586,175.959433,Forest,upland,Pasture,1497,0.99,32.68,54.57,3.87,2.29,0.99,16.6,53.4,0.48,16.08,3.39,0.55,1.4,0.62,0.69,0.2,210,0.066,0.98,0.0068,,1.55,D,D,B,D,A,,B
ew-00096,Waikato,Waikato River,-38.7985,176.086508,Forest,upland,Exotic forest,1433,0.99,32.68,54.57,3.87,2.29,0.99,16.6,53.4,0.48,16.08,3.39,0.55,1.4,0.62,0.69,0.2,,,3.14,,,,,,,A,,,
ew-00098,Waikato,Waikato River,-37.773267,175.269733,Urban,lowland,Urban,1305,0.99,32.68,54.57,3.87,2.29,0.99,16.6,53.4,0.48,16.08,3.39,0.55,1.4,0.62,0.69,0.2,1400,0.019,0.33,0.2579,,0.84,E,D,A,D,C,,A
ew-00100,Waikato,Waitetuna River,-37.817753,174.975981,Rural,lowland,Pasture,1396,0.05,42.79,47.71,9.22,0.17,0.05,12.85,47.56,4.62,29.94,4.6,0,0.17,0.16,0,0,330,0.012,,0.0052,,0.31,E,C,A,,A,,A
ew-00101,Waikato,Piako River,-37.765346,175.741165,Rural,lowland,Pasture,1389,1.56,6,90.25,0.55,1.33,1.56,2.54,83.92,0.01,3.46,0.54,0,1.2,6.33,0,0.13,800,0.018,,0.0056,,1.45,E,C,B,,A,,B
ew-00102,Waikato,Piako River,-37.528372,175.62965,Rural,lowland,Pasture,1248,1.56,6,90.25,0.55,1.33,1.56,2.54,83.92,0.01,3.46,0.54,0,1.2,6.33,0,0.13,700,0.046,,0.024,,1.75,E,D,C,,B,,C
ew-00105,Waikato,Waikato River,-38.260161,175.098784,Rural,lowland,Pasture,1762,0.99,32.68,54.57,3.87,2.29,0.99,16.6,53.4,0.48,16.08,3.39,0.55,1.4,0.62,0.69,0.2,360,0.008,0.895,0.0088,,0.6,E,B,A,D,A,,A
ew-00106,Waikato,Waiwawa River,-36.924475,175.692353,Forest,lowland,Native vegetation,1762,0.34,76.78,9.61,12.98,0.03,0.34,5.39,9.58,0.01,71.39,12.98,0,0.02,0.04,0.01,0,110,0.004,2.95,0.0043,,0.0085,C,A,A,A,A,,A
ew-00109,Waikato,Waikato River,-38.214742,175.872775,Urban,upland,Pasture,1588,0.99,32.68,54.57,3.87,2.29,0.99,16.6,53.4,0.48,16.08,3.39,0.55,1.4,0.62,0.69,0.2,1600,0.032,0.38,0.0067,,1.54,E,D,B,D,B,,B
ew-00112,Waikato,Waikato River,-38.642751,175.927631,Forest,upland,Pasture,1503,0.99,32.68,54.57,3.87,2.29,0.99,16.6,53.4,0.48,16.08,3.39,0.55,1.4,0.62,0.69,0.2,140,0.063,,0.0052,,1.37,D,D,B,,A,,B
ew-00116,Waikato,Waikato River,-38.859263,175.782703,Forest,upland,Pasture,1560,0.99,32.68,54.57,3.87,2.29,0.99,16.6,53.4,0.48,16.08,3.39,0.55,1.4,0.62,0.69,0.2,190,0.017,,0.0052,,0.76,D,C,A,,A,,A
ew-00118,Waikato,Waikato River,-38.30308,176.265153,Rural,upland,Pasture,1568,0.99,32.68,54.57,3.87,2.29,0.99,16.6,53.4,0.48,16.08,3.39,0.55,1.4,0.62,0.69,0.2,80,0.055,,0.0048,,0.88,D,D,A,,A,,A
ew-00119,Waikato,Waikato River,-38.681061,176.069935,Forest,upland,Native vegetation,1433,0.99,32.68,54.57,3.87,2.29,0.99,16.6,53.4,0.48,16.08,3.39,0.55,1.4,0.62,0.69,0.2,5.5,0.004,,0.0068,,0.002,A,A,A,,A,,A
ew-00120,Waikato,Waikato River,-38.911999,175.899611,Forest,upland,Native vegetation,1540,0.99,32.68,54.57,3.87,2.29,0.99,16.6,53.4,0.48,16.08,3.39,0.55,1.4,0.62,0.69,0.2,,0.0115,3.655,,,0.0485,,C,A,A,,,A
ew-00122,Waikato,Waihou River,-37.544813,175.707306,Forest,lowland,Pasture,1678,0.69,37.6,58.18,1.4,1.38,0.69,10.59,57.96,0.31,27.01,1.09,0,1.08,0.22,0,0.29,440,0.054,0.87,0.01,,1.11,E,D,B,B,A,,B
ew-00123,Waikato,Waikato River,-37.432141,175.129277,Forest,lowland,Pasture,1298,0.99,32.68,54.57,3.87,2.29,0.99,16.6,53.4,0.48,16.08,3.39,0.55,1.4,0.62,0.69,0.2,185,0.0185,0.89,,,0.48,D,D,A,B,,,A
ew-10006,Waikato,Waikato River,-37.662492,175.145272,Forest,lowland,Pasture,1379,0.99,32.68,54.57,3.87,2.29,0.99,16.6,53.4,0.48,16.08,3.39,0.55,1.4,0.62,0.69,0.2,205,0.015,,0.0108,,0.665,D,C,A,,A,,A
gdc-00002,Gisborne,Awatere River,-37.67457224,178.3481383,Rural,lowland,Exotic forest,1835,0,62.56,13.64,18.82,4.96,0,28.89,13.53,0.75,33.68,18.07,0,0,0.11,4.96,0,48,0.008,,0.0099,0.0521,0.052,C,B,A,,A,A,A
gdc-00004,Gisborne,Uawa River,-38.29225747,178.2691838,Rural,lowland,Pasture,1557,3.5,50.05,28.84,16.24,0.82,3.5,44.33,28.73,0.1,5.73,16.14,0,0.06,0.11,0.76,0,96,0.005,0.265,0.0118,0.034,0.034,D,A,A,D,B,A,A
gdc-00006,Gisborne,Karakatuwhero River,-37.62563187,178.3346014,Rural,lowland,Native vegetation,1926,0.4,77.5,11.28,7.77,3.03,0.4,26.41,11.28,0.37,51.09,7.4,0,0,0,3.03,0,68,0.009,,0.0118,0.039,0.039,D,B,A,,B,A,A
gdc-00007,Gisborne,Kopuawhakapata,-38.67070898,178.0316858,Urban,lowland,Urban,1226,0,18.87,3.33,0,76.99,0,4.03,3.33,0,14.84,0,0,76.99,0,0,0,960,0.1455,,0.0616,0.678,0.68,E,D,B,,B,B,B
gdc-00008,Gisborne,Uawa River,-38.34737089,178.2491081,Rural,lowland,Pasture,1415,3.5,50.05,28.84,16.24,0.82,3.5,44.33,28.73,0.1,5.73,16.14,0,0.06,0.11,0.76,0,72,0.006,0.63,0.0113,0.0056,0.006,D,A,A,C,A,A,A
gdc-00013,Gisborne,Wharekahika River,-37.5927497,178.1525362,Rural,lowland,Pasture,1943,0.31,50.14,20.7,27.58,0.87,0.31,8.25,20.42,0.01,41.89,27.56,0,0,0.28,0.87,0,82,0.01,,0.0072,0.034,0.036,D,B,A,,A,A,A
gdc-00014,Gisborne,Pakarae River,-38.51508062,178.2549264,Rural,lowland,Pasture,1304,0.39,33.15,60.33,5.11,0.52,0.39,29.18,60.17,0.18,3.97,4.92,0,0,0.16,0.51,0.01,160,0.009,0.58,0.0151,0.012,0.014,D,B,A,D,B,A,A
gdc-00015,Gisborne,Poroporo River,-37.78527353,178.4275526,Rural,lowland,Pasture,1835,0.68,37.25,30.71,28.3,2.92,0.68,24.62,30.64,1.98,12.63,26.33,0,0.05,0.07,2.86,0,195,0.008,,0.0106,0.0648,0.07,D,B,A,,B,A,A
gdc-00016,Gisborne,Taruheru River,-38.63415353,177.9681763,Rural,lowland,Pasture,1199,34.74,14.04,32.35,5.1,13.53,34.74,9.27,32.35,0.3,4.77,4.8,0,13.49,0,0,0.04,790,0.105,0.355,0.0638,1.075,1.1,E,D,C,D,C,C,C
gdc-00020,Gisborne,Waikanae Creek,-38.66828115,178.0199038,Urban,lowland,Urban,1226,13.64,1.04,18.75,0,64.69,13.64,0.37,18.22,0,0.67,0,0,63.34,0.53,1.34,0,310,0.066,0.26,0.0606,0.044,0.048,E,D,A,D,B,A,A
gdc-00022,Gisborne,Waimata River,-38.63968344,178.068234,Rural,lowland,Pasture,1350,0.2,38.34,49.35,10.76,1.2,0.2,32.16,49.34,0.15,6.18,10.61,0,1.09,0.01,0.11,0,82,0.012,0.54,0.0237,0.0546,0.0555,D,C,A,D,B,A,A
gdc-00026,Gisborne,Wainui Stream,-38.69179364,178.0714703,Rural,lowland,Urban,1226,1.03,4.26,64.63,0.03,30.05,1.03,0.97,64.63,0,3.28,0.03,0,30.05,0,0,0,510,0.21,0.6775,0.0325,0.23,0.23,E,D,A,C,B,A,A
gdc-00029,Gisborne,Wharekahika River,-37.57115099,178.2756814,Rural,lowland,Pasture,2003,0.31,50.14,20.7,27.58,0.87,0.31,8.25,20.42,0.01,41.89,27.56,0,0,0.28,0.87,0,140,0.014,,0.0078,0.04,0.045,D,C,A,,A,A,A
gdc-00032,Gisborne,Hamanatua,-38.67822058,178.0800437,Rural,lowland,Pasture,1226,0,2.59,93.55,1.21,2.5,0,0.74,93.52,0,1.85,1.21,0,2.5,0.02,0,0,225,0.013,0.74,0.0123,0.0405,0.0405,D,C,A,C,B,A,A
gdc-00033,Gisborne,Waimata River,-38.66849384,178.0285557,Urban,lowland,Pasture,1226,0.2,38.34,49.35,10.76,1.2,0.2,32.16,49.34,0.15,6.18,10.61,0,1.09,0.01,0.11,0,195,0.0215,0.39,0.0164,0.063,0.0738,D,D,A,D,B,A,A
gw-00002,Wellington,Waitohu Stream,-40.74299396,175.1407834,Urban,lowland,Urban,1158,0.86,43.32,47.12,2.3,5.7,0.86,5.91,45.6,1.32,37.41,0.97,0,5.43,1.51,0.21,0.07,,0.036,,0.0215,1.22,1.23,,D,B,,A,B,B
gw-00004,Wellington,Waitohu Stream,-40.73663304,175.1262504,Rural,lowland,Pasture,1158,0.86,43.32,47.12,2.3,5.7,0.86,5.91,45.6,1.32,37.41,0.97,0,5.43,1.51,0.21,0.07,,0.0192,,0.0121,0.28,0.29,,D,A,,A,A,A
gw-00005,Wellington,Otaki River,-40.8220466,175.1995753,Forest,lowland,Native vegetation,1561,0.7,84.57,9.13,3.75,1.51,0.7,2.07,7.53,0.58,82.51,3.17,1.55,0.51,0.04,0.94,0.06,,0.0051,,0.0012,0.038,0.038,,A,A,,A,A,A
gw-00006,Wellington,Otaki River,-40.75873884,175.1085342,Forest,lowland,Native vegetation,1158,0.7,84.57,9.13,3.75,1.51,0.7,2.07,7.53,0.58,82.51,3.17,1.55,0.51,0.04,0.94,0.06,,0.0046,,0.0012,0.0485,0.0495,,A,A,,A,A,A
gw-00007,Wellington,Mangaone Stream,-40.79018171,175.0883974,Rural,lowland,Pasture,1158,3.79,26.75,67.96,0.32,1.11,3.79,9.45,66.91,0.3,17.3,0.03,0,0.96,1.04,0.08,0.07,,0.031,,0.0341,1.33,1.34,,D,B,,B,B,B
gw-00010,Wellington,Waikanae River,-40.87694978,175.0320717,Rural,lowland,Pasture,1588,0.09,70.51,20.69,2.16,6.39,0.09,14.77,20.41,0.37,55.74,1.79,0.11,6.01,0.17,0.09,0.29,,0.0081,,0.0013,0.188,0.189,,B,A,,A,A,A
gw-00013,Wellington,Horokiri Stream,-41.07930266,174.926173,Rural,lowland,Pasture,1411,0.19,40.55,42.95,14.43,1.87,0.19,28.24,42.59,12.91,12.3,1.52,0,0.02,0.36,0,1.85,,0.0126,,0.0031,0.44,0.44,,C,A,,A,A,A
gw-00014,Wellington,Pauatahanui Stream,-41.11441006,174.9193624,Rural,lowland,Pasture,1411,0.05,23.95,57.35,14.51,4.14,0.05,13.84,57.12,3.65,10.11,10.86,0,3.16,0.23,0.62,0.37,,0.013,,0.0049,0.305,0.305,,C,A,,A,A,A
gw-00016,Wellington,Porirua Stream,-41.14920794,174.8391786,Urban,lowland,Urban,1411,0,22.35,29.75,9.13,38.75,0,8.97,29.75,9.06,13.38,0.08,0,36.47,0,0,2.28,1400,0.024,,0.0103,0.86,0.87,E,D,A,,A,A,A
gw-00017,Wellington,Makara Stream,-41.23595385,174.7127163,Rural,lowland,Pasture,1342,0,11.73,64.31,22.77,1.11,0,7.59,64.21,20.24,4.14,2.54,0,1.11,0.11,0,0,410,0.025,,0.0088,0.425,0.425,E,D,A,,A,A,A
gw-00018,Wellington,Karori Stream,-41.29670668,174.7224624,Urban,lowland,Urban,1342,0,25.43,9.71,52.56,12.29,0,3.97,9.71,52.38,21.46,0.18,0,11.97,0,0.14,0.18,2600,0.035,,0.0077,1.15,1.155,E,D,B,,A,B,B
gw-00019,Wellington,Kaiwharawhara Stream,-41.25798289,174.7794071,Urban,lowland,Urban,1342,0,40.18,3.51,15.98,40.1,0,4.18,3.49,15.98,36,0,0,39.84,0.02,0.07,0.19,1600,0.036,,0.0046,0.96,0.97,E,D,A,,B,A,A
gw-00028,Wellington,Wainuiomata River,-41.25677265,175.0089268,Forest,upland,Native vegetation,1660,0.08,63.3,9.28,21.22,6.05,0.08,3.04,9.17,17.26,60.26,3.96,0,5.68,0.11,0.22,0.14,,0.011,,0.0011,0.043,0.044,,C,A,,A,A,A
gw-00029,Wellington,Wainuiomata River,-41.39450591,174.8817586,Forest,lowland,Native vegetation,1419,0.08,63.3,9.28,21.22,6.05,0.08,3.04,9.17,17.26,60.26,3.96,0,5.68,0.11,0.22,0.14,,0.0127,,0.0049,0.21,0.21,,C,A,,A,A,A
hbrc-00002,Hawke'S Bay,Esk River,-39.38537015,176.8211593,Rural,lowland,Pasture,1092,1.39,38.79,48.55,10.88,0.15,1.39,35.26,48.55,0.22,3.53,10.67,0,0.08,0,0.04,0.03,,0.022,1.5725,0.0066,0.265,0.265,,D,A,A,A,A,A
hbrc-00006,Hawke'S Bay,Porangahau River,-40.29668083,176.580728,Rural,lowland,Pasture,1033,0.05,10.29,83.38,5.33,0.28,0.05,7.44,82.76,0.09,2.84,5.24,0,0.02,0.62,0.26,0,,0.0067,0.9938,0.004,0.028,0.029,,D,A,A,A,A,A
hbrc-00008,Hawke'S Bay,Tukituki River,-40.01543071,176.3230995,Rural,upland,Pasture,1251,2.27,16.47,77.9,1.44,1.34,2.27,6.47,77.4,0.2,10,1.24,0.45,0.34,0.05,0.99,0.02,33,0.0129,2.1675,0.0015,0.225,0.23,A,C,A,D,A,A,A
hbrc-00009,Hawke'S Bay,Tukituki River,-39.96589085,176.334203,Rural,upland,Pasture,1004,2.27,16.47,77.9,1.44,1.34,2.27,6.47,77.4,0.2,10,1.24,0.45,0.34,0.05,0.99,0.02,150,0.02,2.2988,0.0048,0.78,0.785,D,D,B,C,A,B,B
hbrc-00011,Hawke'S Bay,Porangahau River,-40.29450131,176.5558496,Rural,lowland,Pasture,1033,0.05,10.29,83.38,5.33,0.28,0.05,7.44,82.76,0.09,2.84,5.24,0,0.02,0.62,0.26,0,,0.0036,1.32,0.0034,0.0935,0.095,,B,A,A,A,A,A
hbrc-00018,Hawke'S Bay,Tukituki River,-39.99606726,176.6268663,Rural,lowland,Pasture,942,2.27,16.47,77.9,1.44,1.34,2.27,6.47,77.4,0.2,10,1.24,0.45,0.34,0.05,0.99,0.02,,0.22,,0.0073,0.031,0.034,,D,A,,A,A,A
hbrc-00019,Hawke'S Bay,Tukituki River,-39.86225091,176.4455923,Rural,upland,Pasture,1004,2.27,16.47,77.9,1.44,1.34,2.27,6.47,77.4,0.2,10,1.24,0.45,0.34,0.05,0.99,0.02,20.5,0.0054,1.0987,0.0017,0.1025,0.103,A,A,A,D,A,A,A
hbrc-00020,Hawke'S Bay,Tukituki River,-39.90707657,176.5248157,Rural,upland,Pasture,942,2.27,16.47,77.9,1.44,1.34,2.27,6.47,77.4,0.2,10,1.24,0.45,0.34,0.05,0.99,0.02,80,0.0172,4.7012,0.0017,1.95,1.95,B,C,B,A,A,B,B
hbrc-00022,Hawke'S Bay,Esk River,-39.22947177,176.7967626,Rural,upland,Pasture,1389,1.39,38.79,48.55,10.88,0.15,1.39,35.26,48.55,0.22,3.53,10.67,0,0.08,0,0.04,0.03,,0.022,1.6675,0.0159,0.29,0.29,,D,A,B,A,A,A
hbrc-00026,Hawke'S Bay,Mohaka River,-39.04801809,176.5890396,Forest,upland,Native vegetation,1554,0.14,67.16,16.41,15.7,0.26,0.14,14.7,16.09,0.37,52.46,15.33,0.3,0,0.02,0.25,0.01,,0.0172,2.22,0.0015,0.0285,0.029,,C,A,C,A,A,A
hbrc-00028,Hawke'S Bay,Mohaka River,-38.94440478,176.5080337,Forest,upland,Native vegetation,1735,0.14,67.16,16.41,15.7,0.26,0.14,14.7,16.09,0.37,52.46,15.33,0.3,0,0.02,0.25,0.01,,0.0078,1.84,0.0011,0.66,0.66,,B,A,A,A,A,A
hbrc-00032,Hawke'S Bay,Wairoa River,-38.73342979,177.5843398,Rural,lowland,Pasture,1526,0.41,49.93,37.98,8.63,0.34,0.41,8.96,37.9,0.45,40.97,8.18,0,0.19,0.09,0.15,0.01,,0.0101,0.9087,0.0066,0.021,0.023,,C,A,D,A,A,A
hbrc-00033,Hawke'S Bay,Wairoa River,-39.00142251,177.3950322,Rural,lowland,Pasture,1329,0.41,49.93,37.98,8.63,0.34,0.41,8.96,37.9,0.45,40.97,8.18,0,0.19,0.09,0.15,0.01,,0.0105,,0.0053,0.0735,0.0745,,C,A,,A,A,A
hbrc-00036,Hawke'S Bay,Porangahau River,-40.20663027,176.5911213,Rural,lowland,Pasture,1033,0.05,10.29,83.38,5.33,0.28,0.05,7.44,82.76,0.09,2.84,5.24,0,0.02,0.62,0.26,0,,0.0265,,0.0052,0.0159,0.0183,,D,A,,B,A,A
hbrc-00039,Hawke'S Bay,Tukituki River,-39.93527099,176.3507612,Rural,upland,Pasture,1004,2.27,16.47,77.9,1.44,1.34,2.27,6.47,77.4,0.2,10,1.24,0.45,0.34,0.05,0.99,0.02,16.5,0.0055,1.25,0.0015,0.131,0.132,A,A,A,D,A,A,A
hbrc-00043,Hawke'S Bay,Tukituki River,-39.71546643,176.9278956,Rural,lowland,Pasture,1000,2.27,16.47,77.9,1.44,1.34,2.27,6.47,77.4,0.2,10,1.24,0.45,0.34,0.05,0.99,0.02,31,0.0144,1.7388,0.0109,0.635,0.635,D,C,A,B,A,A,A
hbrc-00048,Hawke'S Bay,Mohaka River,-39.20036915,176.5166564,Forest,upland,Native vegetation,1479,0.14,67.16,16.41,15.7,0.26,0.14,14.7,16.09,0.37,52.46,15.33,0.3,0,0.02,0.25,0.01,,,,0.0015,0.0955,0.096,,,A,,A,A,A
hbrc-00056,Hawke'S Bay,Mohaka River,-38.91521317,176.275345,Rural,upland,Pasture,1572,0.14,67.16,16.41,15.7,0.26,0.14,14.7,16.09,0.37,52.46,15.33,0.3,0,0.02,0.25,0.01,,0.019,5.9238,0.001,4.2,4.2,,D,C,A,A,C,C
hbrc-00062,Hawke'S Bay,Mohaka River,-39.07924863,176.286569,Forest,upland,Native vegetation,1657,0.14,67.16,16.41,15.7,0.26,0.14,14.7,16.09,0.37,52.46,15.33,0.3,0,0.02,0.25,0.01,,0.0056,5.6562,0.0012,0.0169,0.0175,,A,A,A,A,A,A
hbrc-00063,Hawke'S Bay,Ahuriri Catchment,-39.51375184,176.8495849,Urban,lowland,Urban,937,15.98,7.02,55.17,1.58,18.69,15.98,6.4,53.29,0.14,0.62,1.44,0,18.32,1.88,0.09,0.28,,0.3,,0.0438,0.152,0.162,,D,A,,B,A,A
hbrc-00069,Hawke'S Bay,Mohaka River,-39.07412669,176.3022408,Rural,upland,Pasture,1657,0.14,67.16,16.41,15.7,0.26,0.14,14.7,16.09,0.37,52.46,15.33,0.3,0,0.02,0.25,0.01,,0.0098,1.5688,0.0014,1.52,1.53,,B,B,B,A,B,B
hbrc-00070,Hawke'S Bay,Mohaka River,-39.08226058,176.3074629,Forest,upland,Native vegetation,1657,0.14,67.16,16.41,15.7,0.26,0.14,14.7,16.09,0.37,52.46,15.33,0.3,0,0.02,0.25,0.01,,0.0074,2.49,0.0013,0.73,0.73,,B,A,A,A,A,A
hbrc-00071,Hawke'S Bay,Mohaka River,-39.20729162,176.516996,Forest,upland,Native vegetation,1479,0.14,67.16,16.41,15.7,0.26,0.14,14.7,16.09,0.37,52.46,15.33,0.3,0,0.02,0.25,0.01,19,,,0.0017,0.34,0.35,A,,A,,A,A,A
hbrc-00072,Hawke'S Bay,Mohaka River,-39.10004509,176.7021602,Forest,upland,Native vegetation,1548,0.14,67.16,16.41,15.7,0.26,0.14,14.7,16.09,0.37,52.46,15.33,0.3,0,0.02,0.25,0.01,28,0.0086,1.7012,0.0022,0.23,0.235,A,B,A,B,A,A,A
hbrc-00073,Hawke'S Bay,Mohaka River,-39.00064055,176.2807588,Rural,upland,Pasture,1657,0.14,67.16,16.41,15.7,0.26,0.14,14.7,16.09,0.37,52.46,15.33,0.3,0,0.02,0.25,0.01,,0.0122,,0.0012,2.2,2.2,,C,B,,A,B,B
hbrc-00081,Hawke'S Bay,Wairoa River,-38.94791377,177.0616176,Rural,lowland,Native vegetation,1514,0.41,49.93,37.98,8.63,0.34,0.41,8.96,37.9,0.45,40.97,8.18,0,0.19,0.09,0.15,0.01,,0.0139,0.6975,0.0022,0.031,0.033,,C,A,D,A,A,A
hbrc-00083,Hawke'S Bay,Wairoa River,-38.89010184,177.5221452,Rural,lowland,Pasture,1466,0.41,49.93,37.98,8.63,0.34,0.41,8.96,37.9,0.45,40.97,8.18,0,0.19,0.09,0.15,0.01,,0.0048,0.7062,0.0171,0.143,0.146,,A,A,C,B,A,A
hbrc-00085,Hawke'S Bay,Tukituki River,-39.85671442,176.715225,Rural,lowland,Pasture,990,2.27,16.47,77.9,1.44,1.34,2.27,6.47,77.4,0.2,10,1.24,0.45,0.34,0.05,0.99,0.02,,0.1175,,0.0155,0.154,0.215,,D,B,,B,B,B
hbrc-00087,Hawke'S Bay,Tukituki River,-39.98875426,176.5583502,Rural,lowland,Pasture,942,2.27,16.47,77.9,1.44,1.34,2.27,6.47,77.4,0.2,10,1.24,0.45,0.34,0.05,0.99,0.02,,0.0151,1.9573,0.0039,1.14,1.145,,C,B,D,A,B,B
hbrc-00131,Hawke'S Bay,Tukituki River,-39.96822168,176.609995,Rural,lowland,Pasture,942,2.27,16.47,77.9,1.44,1.34,2.27,6.47,77.4,0.2,10,1.24,0.45,0.34,0.05,0.99,0.02,48,0.0245,1.62,0.0348,1.07,1.08,D,D,B,D,B,B,B
hbrc-00139,Hawke'S Bay,Tukituki River,-39.94501708,176.5736378,Rural,upland,Pasture,942,2.27,16.47,77.9,1.44,1.34,2.27,6.47,77.4,0.2,10,1.24,0.45,0.34,0.05,0.99,0.02,34,0.0113,1.895,0.0019,0.65,0.65,A,C,A,A,A,A,A
hrc-00001,Manawatū-Whanganui,Lake Horowhenua,-40.6219,175.24728,Rural,lowland,Pasture,1093,7.7,5.84,65.47,1.25,14.99,7.7,5,63.56,0.07,0.84,1.18,0,14.51,1.9,0.36,0.11,191.6,0.022,,0.0094,9.475,9.47,D,D,D,,B,D,D
hrc-00004,Manawatū-Whanganui,Lake Horowhenua,-40.605,175.23608,Rural,lowland,Pasture,1093,7.7,5.84,65.47,1.25,14.99,7.7,5,63.56,0.07,0.84,1.18,0,14.51,1.9,0.36,0.11,44,0.029,,0.0382,0.3405,0.355,B,D,B,,B,B,B
hrc-00007,Manawatū-Whanganui,Whangaehu,-39.42102,175.2821,Rural,upland,Pasture,1532,0.81,26.52,63.95,4.94,3.09,0.81,11.83,61.55,0.35,14.69,4.58,2.17,0.24,0.23,2.76,0.09,200,0.007,,0.005,0.355,0.36,D,B,A,,A,A,A
hrc-00009,Manawatū-Whanganui,Whangaehu,-39.37149,175.32457,Forest,upland,Native vegetation,1532,0.81,26.52,63.95,4.94,3.09,0.81,11.83,61.55,0.35,14.69,4.58,2.17,0.24,0.23,2.76,0.09,53,0.012,,0.0039,0.1985,0.1985,B,C,A,,A,A,A
hrc-00011,Manawatū-Whanganui,Waikawa,-40.72438,175.21165,Rural,lowland,Pasture,1561,1.55,47.1,48.42,0.93,1.84,1.55,11.28,47.79,0.15,35.82,0.78,0,0.78,0.64,1.06,0,649.6,0.011,,0.0061,0.14,0.14,E,C,A,,A,A,A
hrc-00027,Manawatū-Whanganui,Whangaehu,-39.70028,175.33113,Rural,lowland,Pasture,1190,0.81,26.52,63.95,4.94,3.09,0.81,11.83,61.55,0.35,14.69,4.58,2.17,0.24,0.23,2.76,0.09,,0.01,,,0.289,0.3,,B,A,,,A,A
hrc-00028,Manawatū-Whanganui,Whangaehu,-39.431,175.32311,Rural,upland,Pasture,1532,0.81,26.52,63.95,4.94,3.09,0.81,11.83,61.55,0.35,14.69,4.58,2.17,0.24,0.23,2.76,0.09,120,0.014,,0.0123,0.2445,0.247,D,C,A,,A,A,A
hrc-00029,Manawatū-Whanganui,Whangaehu,-39.4017,175.41228,Forest,upland,Native vegetation,1416,0.81,26.52,63.95,4.94,3.09,0.81,11.83,61.55,0.35,14.69,4.58,2.17,0.24,0.23,2.76,0.09,12.4,0.017,,0.0027,0.008,0.009,A,C,A,,A,A,A
hrc-00030,Manawatū-Whanganui,Ohau,-40.66335,175.3374,Forest,lowland,Native vegetation,1454,2.94,58.51,34.88,1.95,1.27,2.94,6.97,34.76,0.54,51.54,1.41,0,0.27,0.12,0.92,0.08,36.4,0.007,,0.0022,0.0525,0.051,A,B,A,,A,A,A
hrc-00031,Manawatū-Whanganui,Ohau,-40.66429,175.19784,Rural,lowland,Pasture,1093,2.94,58.51,34.88,1.95,1.27,2.94,6.97,34.76,0.54,51.54,1.41,0,0.27,0.12,0.92,0.08,85.6,0.007,,0.003,0.2445,0.249,A,B,A,,A,A,A
hrc-00032,Manawatū-Whanganui,Whanganui,-38.9175,175.03238,Rural,lowland,Pasture,1557,0.14,53.62,36.14,8.49,1.23,0.14,8.38,34.49,0.57,45.24,7.93,1.14,0.45,0.5,0.75,0.04,,0.006,,,0.246,0.25,,A,A,,,A,A
hrc-00033,Manawatū-Whanganui,Whanganui,-38.86223,175.23823,Rural,upland,Pasture,1498,0.14,53.62,36.14,8.49,1.23,0.14,8.38,34.49,0.57,45.24,7.93,1.14,0.45,0.5,0.75,0.04,201.6,0.015,,,0.3405,0.344,D,C,A,,,A,A
hrc-00039,Manawatū-Whanganui,Lake Horowhenua,-40.60803,175.27923,Rural,lowland,Pasture,1093,7.7,5.84,65.47,1.25,14.99,7.7,5,63.56,0.07,0.84,1.18,0,14.51,1.9,0.36,0.11,351.4,0.035,,0.0143,5.39,5.4,E,D,C,,A,C,C
hrc-00053,Manawatū-Whanganui,Whangaehu,-39.4962,175.45767,Forest,upland,Native vegetation,1416,0.81,26.52,63.95,4.94,3.09,0.81,11.83,61.55,0.35,14.69,4.58,2.17,0.24,0.23,2.76,0.09,,0.037,,0.003,0.057,0.06,,D,A,,A,A,A
hrc-00055,Manawatū-Whanganui,Turakina,-40.02572,175.23333,Rural,lowland,Pasture,987,1.64,14.13,80.77,3.07,0.11,1.64,9.02,80.61,0.3,5.11,2.78,0,0.04,0.16,0.05,0.01,86.4,0.039,,0.0213,0.268,0.28,E,D,A,,B,A,A
hrc-00056,Manawatū-Whanganui,Waikawa,-40.70774,175.23359,Forest,lowland,Native vegetation,1561,1.55,47.1,48.42,0.93,1.84,1.55,11.28,47.79,0.15,35.82,0.78,0,0.78,0.64,1.06,0,44,0.01,3.5,0.0025,0.069,0.07,A,B,A,A,A,A,A
hrc-00058,Manawatū-Whanganui,Whangaehu,-39.92577,175.27568,Rural,lowland,Pasture,1015,0.81,26.52,63.95,4.94,3.09,0.81,11.83,61.55,0.35,14.69,4.58,2.17,0.24,0.23,2.76,0.09,,0.0105,,,0.2435,0.247,,C,A,,,A,A
hrc-00059,Manawatū-Whanganui,Whanganui,-39.7694,175.16185,Rural,lowland,Pasture,1242,0.14,53.62,36.14,8.49,1.23,0.14,8.38,34.49,0.57,45.24,7.93,1.14,0.45,0.5,0.75,0.04,130,0.009,,,0.188,0.19,D,B,A,,,A,A
hrc-00060,Manawatū-Whanganui,Whanganui,-39.47961,175.04452,Rural,lowland,Pasture,1486,0.14,53.62,36.14,8.49,1.23,0.14,8.38,34.49,0.57,45.24,7.93,1.14,0.45,0.5,0.75,0.04,111.6,0.008,,0.0048,0.191,0.19,D,B,A,,A,A,A
hrc-00062,Manawatū-Whanganui,Whanganui,-38.94251,175.18891,Forest,upland,Pasture,1498,0.14,53.62,36.14,8.49,1.23,0.14,8.38,34.49,0.57,45.24,7.93,1.14,0.45,0.5,0.75,0.04,140,0.013,,0.0072,0.262,0.26,D,C,A,,A,A,A
hrc-00063,Manawatū-Whanganui,Whanganui,-38.89163,175.25534,Rural,upland,Pasture,1498,0.14,53.62,36.14,8.49,1.23,0.14,8.38,34.49,0.57,45.24,7.93,1.14,0.45,0.5,0.75,0.04,134.4,0.009,,0.0038,0.148,0.15,D,B,A,,A,A,A
hrc-00064,Manawatū-Whanganui,Whangaehu,-39.40901,175.38394,Rural,upland,Pasture,1416,0.81,26.52,63.95,4.94,3.09,0.81,11.83,61.55,0.35,14.69,4.58,2.17,0.24,0.23,2.76,0.09,122.6,0.011,,0.0043,0.1755,0.176,C,C,A,,A,A,A
hrc-00065,Manawatū-Whanganui,Whangaehu,-39.43074,175.46372,Forest,upland,Native vegetation,1416,0.81,26.52,63.95,4.94,3.09,0.81,11.83,61.55,0.35,14.69,4.58,2.17,0.24,0.23,2.76,0.09,39.2,0.019,,0.0018,0.122,0.123,A,D,A,,A,A,A
hrc-00066,Manawatū-Whanganui,Whangaehu,-39.43825,175.28904,Rural,upland,Pasture,1532,0.81,26.52,63.95,4.94,3.09,0.81,11.83,61.55,0.35,14.69,4.58,2.17,0.24,0.23,2.76,0.09,245,0.007,,0.0047,0.349,0.351,D,B,A,,A,A,A
hrc-00067,Manawatū-Whanganui,Owahanga,-40.54635391,176.1945707,Rural,lowland,Pasture,1165,0.01,13.75,71.96,13.9,0.13,0.01,7.85,71.93,0.32,5.9,13.58,0,0.04,0.02,0.07,0.02,281.8,0.007,,0.0124,0.0355,0.045,E,B,A,,B,A,A
hrc-00071,Manawatū-Whanganui,Whangaehu,-39.46329,175.58116,Rural,upland,Native vegetation,1598,0.81,26.52,63.95,4.94,3.09,0.81,11.83,61.55,0.35,14.69,4.58,2.17,0.24,0.23,2.76,0.09,2,0.0755,,0.0423,0.045,0.0495,A,D,A,,B,A,A
hrc-00072,Manawatū-Whanganui,Whangaehu,-39.4615,175.65899,Rural,upland,Pasture,1598,0.81,26.52,63.95,4.94,3.09,0.81,11.83,61.55,0.35,14.69,4.58,2.17,0.24,0.23,2.76,0.09,16,0.0265,,0.003,0.252,0.254,A,D,A,,A,A,A
hrc-00089,Manawatū-Whanganui,Mowhanau,-39.88667,174.90126,Rural,lowland,Pasture,1143,1.69,4.22,91.87,1.33,0.79,1.69,1.9,91.87,1.33,2.32,0,0,0.76,0,0.04,0,510,0.034,,0.0344,0.186,0.2,E,D,A,,B,A,A
lawa-100228,Hawke'S Bay,Tukituki River,-39.81876424,176.304052,Rural,upland,Pasture,1523,2.27,16.47,77.9,1.44,1.34,2.27,6.47,77.4,0.2,10,1.24,0.45,0.34,0.05,0.99,0.02,12.5,0.0059,1.1562,0.0016,0.0535,0.054,A,A,A,D,A,A,A
lawa-100333,Gisborne,Taruheru River,-38.57138316,177.9469788,Forest,lowland,Pasture,1199,34.74,14.04,32.35,5.1,13.53,34.74,9.27,32.35,0.3,4.77,4.8,0,13.49,0,0,0.04,280,0.034,,0.019,0.2075,0.21,E,D,A,,B,A,A
lawa-100336,Gisborne,Wharekahika River,-37.59944782,178.2602349,Rural,lowland,Native vegetation,2003,0.31,50.14,20.7,27.58,0.87,0.31,8.25,20.42,0.01,41.89,27.56,0,0,0.28,0.87,0,42,0.012,,0.0043,0.012,0.013,B,C,A,,A,A,A
lawa-100544,Manawatū-Whanganui,Ohau,-40.67066046,175.2406431,Rural,lowland,Pasture,1561,2.94,58.51,34.88,1.95,1.27,2.94,6.97,34.76,0.54,51.54,1.41,0,0.27,0.12,0.92,0.08,46,0.006,,0.0021,0.1795,0.18,A,A,A,,A,A,A
lawa-100557,Manawatū-Whanganui,Whanganui,-39.3135451,175.1987531,Rural,upland,Pasture,1608,0.14,53.62,36.14,8.49,1.23,0.14,8.38,34.49,0.57,45.24,7.93,1.14,0.45,0.5,0.75,0.04,48,0.007,,0.0029,0.044,0.05,D,B,A,,A,A,A
lawa-100578,Taranaki,Waitara River,-39.16971865,174.4007424,Rural,lowland,Pasture,1867,0.22,37.82,56.29,4.41,0.72,0.22,4.7,56.13,0.14,33.12,4.27,0.1,0.4,0.05,0.28,0.04,235,0.0033,0.48,0.0062,0.2045,0.205,E,A,A,D,A,A,A
lawa-100648,Hawke'S Bay,Tukituki River,-39.97679366,176.505358,Rural,upland,Pasture,942,2.27,16.47,77.9,1.44,1.34,2.27,6.47,77.4,0.2,10,1.24,0.45,0.34,0.05,0.99,0.02,,0.0235,,0.0153,2.8,2.8,,D,C,,A,C,C
lawa-101920,Manawatū-Whanganui,Ohau,-40.67330208,175.1969459,Rural,lowland,Pasture,1561,2.94,58.51,34.88,1.95,1.27,2.94,6.97,34.76,0.54,51.54,1.41,0,0.27,0.12,0.92,0.08,360,0.011,,0.0057,0.834,0.845,E,C,B,,A,B,B
lawa-101923,Manawatū-Whanganui,Lake Horowhenua,-40.58654365,175.2684342,Rural,lowland,Pasture,1093,7.7,5.84,65.47,1.25,14.99,7.7,5,63.56,0.07,0.84,1.18,0,14.51,1.9,0.36,0.11,328,0.029,,0.1466,1.72,1.8,E,D,B,,C,B,B
lawa-101929,Manawatū-Whanganui,Whangaehu,-39.43778318,175.2854268,Rural,upland,Pasture,1532,0.81,26.52,63.95,4.94,3.09,0.81,11.83,61.55,0.35,14.69,4.58,2.17,0.24,0.23,2.76,0.09,199,0.0085,,0.0236,0.356,0.3595,D,B,A,,B,A,A
lawa-101934,Manawatū-Whanganui,Whangaehu,-39.43163636,175.4637507,Forest,upland,Native vegetation,1416,0.81,26.52,63.95,4.94,3.09,0.81,11.83,61.55,0.35,14.69,4.58,2.17,0.24,0.23,2.76,0.09,34,0.02,,0.0029,0.129,0.13,A,D,A,,A,A,A
lawa-101944,Manawatū-Whanganui,Whangaehu,-39.40812617,175.3827436,Rural,upland,Pasture,1416,0.81,26.52,63.95,4.94,3.09,0.81,11.83,61.55,0.35,14.69,4.58,2.17,0.24,0.23,2.76,0.09,110.8,0.024,,0.0701,0.1865,0.19,C,D,A,,B,A,A
lawa-101947,Manawatū-Whanganui,Ohau,-40.6547545,175.360762,Forest,lowland,Pasture,1454,2.94,58.51,34.88,1.95,1.27,2.94,6.97,34.76,0.54,51.54,1.41,0,0.27,0.12,0.92,0.08,16.4,0.007,,0.002,0.028,0.03,A,B,A,,A,A,A
lawa-101953,Manawatū-Whanganui,Owahanga,-40.54898884,176.19768,Rural,lowland,Pasture,1165,0.01,13.75,71.96,13.9,0.13,0.01,7.85,71.93,0.32,5.9,13.58,0,0.04,0.02,0.07,0.02,315,0.01,,,0.089,0.095,E,C,A,,,A,A
lawa-101960,Manawatū-Whanganui,Turakina,-40.03985772,175.1677423,Rural,lowland,Pasture,987,1.64,14.13,80.77,3.07,0.11,1.64,9.02,80.61,0.3,5.11,2.78,0,0.04,0.16,0.05,0.01,1900,0.854,,,0.64,1.22,E,D,B,,,B,C
lawa-101962,Manawatū-Whanganui,Whangaehu,-39.46242277,175.6578585,Rural,upland,Pasture,1598,0.81,26.52,63.95,4.94,3.09,0.81,11.83,61.55,0.35,14.69,4.58,2.17,0.24,0.23,2.76,0.09,21,0.028,,0.0034,0.27,0.274,A,D,A,,A,A,A
lawa-101963,Manawatū-Whanganui,Whangaehu,-39.46611582,175.5754543,Rural,upland,Native vegetation,1598,0.81,26.52,63.95,4.94,3.09,0.81,11.83,61.55,0.35,14.69,4.58,2.17,0.24,0.23,2.76,0.09,2,0.0625,,0.0437,0.0465,0.05,A,D,A,,B,A,A
lawa-102196,West Coast,Grey River,-42.27241154,171.6690948,Forest,lowland,Native vegetation,2512,0,67.28,20.77,7.47,2.42,0,3.72,13.61,1.31,63.56,6.17,6.69,0.24,0.47,2.1,0.09,45,0.002,3.17,0.001,0.38,0.38,B,A,A,A,A,A,A
lawa-102239,Auckland,Papakura Stream,-37.00645,174.95822,Rural,lowland,Pasture,1351,1.5,15.27,63.3,2.81,17.08,1.5,7.25,63.3,1.14,8.02,1.68,0,15.58,0,0,1.5,700,0.026,0.601,0.0087,0.27,0.28,E,D,B,D,A,B,B
lawa-102254,Waikato,Waihou River,-37.415475,175.715725,Forest,lowland,Pasture,1759,0.69,37.6,58.18,1.4,1.38,0.69,10.59,57.96,0.31,27.01,1.09,0,1.08,0.22,0,0.29,65,0.004,3.14,0.0085,,0.525,C,A,A,A,A,,A
lawa-102413,Gisborne,Waimata River,-38.67277226,178.0212061,Urban,lowland,Urban,1226,0.2,38.34,49.35,10.76,1.2,0.2,32.16,49.34,0.15,6.18,10.61,0,1.09,0.01,0.11,0,23.5,0.012,,0.0232,0.034,0.034,D,D,A,,B,A,A
lawa-102692,Hawke'S Bay,Tukituki River,-39.9781919,176.6937075,Rural,lowland,Pasture,990,2.27,16.47,77.9,1.44,1.34,2.27,6.47,77.4,0.2,10,1.24,0.45,0.34,0.05,0.99,0.02,110,0.0147,,0.0068,0.0098,0.0112,D,D,A,,A,A,A
lawa-102693,Hawke'S Bay,Tukituki River,-39.8838039,176.7693479,Rural,lowland,Pasture,990,2.27,16.47,77.9,1.44,1.34,2.27,6.47,77.4,0.2,10,1.24,0.45,0.34,0.05,0.99,0.02,,0.0169,,0.0057,0.052,0.0555,,D,A,,B,A,A
lawa-102694,Hawke'S Bay,Tukituki River,-40.00846834,176.4541946,Rural,upland,Pasture,1051,2.27,16.47,77.9,1.44,1.34,2.27,6.47,77.4,0.2,10,1.24,0.45,0.34,0.05,0.99,0.02,,0.021,,0.0036,2.2,2.2,,D,C,,A,C,C
lawa-102695,Hawke'S Bay,Tukituki River,-39.99029463,176.4482828,Rural,upland,Pasture,1004,2.27,16.47,77.9,1.44,1.34,2.27,6.47,77.4,0.2,10,1.24,0.45,0.34,0.05,0.99,0.02,,0.0109,1.8163,0.0016,0.385,0.39,,C,A,A,A,A,A
lawa-102696,Hawke'S Bay,Tukituki River,-39.98405197,176.4760873,Rural,upland,Pasture,1004,2.27,16.47,77.9,1.44,1.34,2.27,6.47,77.4,0.2,10,1.24,0.45,0.34,0.05,0.99,0.02,,0.039,2.6775,0.0075,1.455,1.46,,D,B,A,A,B,B
lawa-102697,Hawke'S Bay,Tukituki River,-39.95864192,176.4818211,Rural,upland,Pasture,1004,2.27,16.47,77.9,1.44,1.34,2.27,6.47,77.4,0.2,10,1.24,0.45,0.34,0.05,0.99,0.02,,0.0059,,0.0014,0.204,0.2045,,A,A,,A,A,A
lawa-102698,Hawke'S Bay,Tukituki River,-39.97521425,176.4816237,Rural,upland,Pasture,1004,2.27,16.47,77.9,1.44,1.34,2.27,6.47,77.4,0.2,10,1.24,0.45,0.34,0.05,0.99,0.02,,0.0149,2.1762,0.0035,1.795,1.795,,C,C,D,A,C,C
lawa-102702,Hawke'S Bay,Tukituki River,-40.04752214,176.4933967,Rural,lowland,Pasture,1051,2.27,16.47,77.9,1.44,1.34,2.27,6.47,77.4,0.2,10,1.24,0.45,0.34,0.05,0.99,0.02,,0.1705,,0.0138,0.0245,0.0275,,D,A,,B,A,A
lawa-102703,Hawke'S Bay,Tukituki River,-40.03643369,176.5296119,Rural,lowland,Pasture,1034,2.27,16.47,77.9,1.44,1.34,2.27,6.47,77.4,0.2,10,1.24,0.45,0.34,0.05,0.99,0.02,,0.49,,0.0324,0.0146,0.0155,,D,A,,B,A,A
lawa-102816,Hawke'S Bay,Porangahau River,-40.3203363,176.6193018,Rural,lowland,Pasture,1033,0.05,10.29,83.38,5.33,0.28,0.05,7.44,82.76,0.09,2.84,5.24,0,0.02,0.62,0.26,0,150,0.006,,0.004,0.0045,0.0055,D,C,A,,A,A,A
lawa-102820,Hawke'S Bay,Mohaka River,-38.95041632,176.5242127,Forest,upland,Native vegetation,1735,0.14,67.16,16.41,15.7,0.26,0.14,14.7,16.09,0.37,52.46,15.33,0.3,0,0.02,0.25,0.01,,0.0096,,0.0013,0.21,0.21,,B,A,,A,A,A
lawa-102821,Hawke'S Bay,Ahuriri Catchment,-39.48263223,176.8108077,Rural,lowland,Pasture,1092,15.98,7.02,55.17,1.58,18.69,15.98,6.4,53.29,0.14,0.62,1.44,0,18.32,1.88,0.09,0.28,,0.081,,,0.038,0.041,,D,A,,,A,A
lawa-102850,Hawke'S Bay,Wairoa River,-38.90323335,177.4398878,Rural,lowland,Pasture,1416,0.41,49.93,37.98,8.63,0.34,0.41,8.96,37.9,0.45,40.97,8.18,0,0.19,0.09,0.15,0.01,,0.016,0.5788,0.0078,0.082,0.086,,C,A,D,A,A,A
lawa-103466,West Coast,Grey River,-42.67962432,171.4581607,Rural,lowland,Native vegetation,3333,0,67.28,20.77,7.47,2.42,0,3.72,13.61,1.31,63.56,6.17,6.69,0.24,0.47,2.1,0.09,,0.0186,3.34,,0.145,,,D,A,A,,A,
lawa-103468,West Coast,Bradshaws Creek,-41.75480516,171.5832211,Rural,lowland,Pasture,2536,0,7.64,82.32,4.73,2.71,0,1.46,73.74,0.66,6.18,4.07,0,2.33,8.58,0.2,0.17,360,0.0126,0.85,0.0153,0.315,0.325,E,C,A,D,A,A,A
lawa-103469,Auckland,Rangitopuni River,-36.73702,174.61939,Rural,lowland,Pasture,1375,2.47,28.15,62.75,4.17,2.27,2.47,20.29,62.73,0.1,7.87,4.07,0,1.52,0.02,0.02,0.73,270,0.016,0.8891,0.0091,0.13,0.134,E,C,A,B,A,A,A
lawa-103478,Otago,Dunstan Rohe,-45.0063712,168.8687347,Rural,upland,Pasture,1878,1.01,2.45,83.37,8.29,3.89,1.01,1.05,39.35,3.74,1.4,4.55,43.76,0.51,0.27,3.35,0.04,7,0.001,1.472,0.0034,0.0198,0.0198,A,A,A,C,A,A,A
lawa-103635,Waikato,Waikato River,-38.250533,175.200431,Rural,lowland,Pasture,1514,0.99,32.68,54.57,3.87,2.29,0.99,16.6,53.4,0.48,16.08,3.39,0.55,1.4,0.62,0.69,0.2,,0.0095,,0.017,,0.99,,B,B,,B,,B
lawa-103636,Waikato,Waikato River,-37.548519,175.153919,Rural,lowland,Pasture,1379,0.99,32.68,54.57,3.87,2.29,0.99,16.6,53.4,0.48,16.08,3.39,0.55,1.4,0.62,0.69,0.2,61,0.004,,0.0115,,0.002,D,A,A,,B,,A
lawa-103637,Waikato,Waikato River,-37.678344,175.135894,Rural,lowland,Pasture,1477,0.99,32.68,54.57,3.87,2.29,0.99,16.6,53.4,0.48,16.08,3.39,0.55,1.4,0.62,0.69,0.2,,0.005,0.86,0.005,,0.47,,A,A,B,A,,A
lawa-103638,Waikato,Waikato River,-38.145848,175.509053,Rural,lowland,Pasture,1475,0.99,32.68,54.57,3.87,2.29,0.99,16.6,53.4,0.48,16.08,3.39,0.55,1.4,0.62,0.69,0.2,,0.022,1.12,0.0052,,0.53,,D,A,D,A,,A
lawa-103641,Gisborne,Waimata River,-38.66591126,178.0389521,Rural,lowland,Pasture,1350,0.2,38.34,49.35,10.76,1.2,0.2,32.16,49.34,0.15,6.18,10.61,0,1.09,0.01,0.11,0,120,0.0205,0.4,0.0243,0.071,0.0755,D,D,A,D,B,A,A
lawa-103643,Waikato,Waikato River,-37.922889,175.539203,Forest,lowland,Pasture,1390,0.99,32.68,54.57,3.87,2.29,0.99,16.6,53.4,0.48,16.08,3.39,0.55,1.4,0.62,0.69,0.2,10,0.0135,1.96,0.0114,,0.33,A,C,A,D,A,,A
lawa-103743,Gisborne,Taruheru River,-38.64707431,178.0002327,Urban,lowland,Pasture,1350,34.74,14.04,32.35,5.1,13.53,34.74,9.27,32.35,0.3,4.77,4.8,0,13.49,0,0,0.04,575,0.089,0.3,0.0672,0.655,0.67,E,D,B,D,C,B,B
lawa-103744,Gisborne,Taruheru River,-38.66527225,178.0276751,Urban,lowland,Pasture,1350,34.74,14.04,32.35,5.1,13.53,34.74,9.27,32.35,0.3,4.77,4.8,0,13.49,0,0,0.04,120,0.027,0.36,0.0376,0.0635,0.072,D,D,A,D,B,A,A
lawa-103745,Gisborne,Taruheru River,-38.65476797,178.0208988,Urban,lowland,Pasture,1350,34.74,14.04,32.35,5.1,13.53,34.74,9.27,32.35,0.3,4.77,4.8,0,13.49,0,0,0.04,210,0.06,0.36,0.0467,0.265,0.3,D,D,B,D,B,B,B
lawa-103746,Gisborne,Waikanae Creek,-38.66506553,178.0056788,Urban,lowland,Urban,1350,13.64,1.04,18.75,0,64.69,13.64,0.37,18.22,0,0.67,0,0,63.34,0.53,1.34,0,585,0.154,0.24,0.1149,0.058,0.067,E,D,A,D,C,A,A
lawa-103812,Otago,Dunstan Rohe,-44.93610342,168.3444669,Forest,upland,Native vegetation,1884,1.01,2.45,83.37,8.29,3.89,1.01,1.05,39.35,3.74,1.4,4.55,43.76,0.51,0.27,3.35,0.04,16.5,0.0012,9.137,0.0026,0.0118,0.0119,A,A,A,A,A,A,A
lawa-103813,Otago,Upper Lakes Rohe,-44.80003038,168.3365697,Rural,upland,Pasture,2039,0.03,16.37,47.44,11.31,15.15,0.03,0.42,9.38,0.3,15.95,11.01,37.85,0.27,0.21,14.88,0,3,0.0018,9.702,0.0025,0.0405,0.0405,A,A,A,A,A,A,A
lawa-103814,Otago,Upper Lakes Rohe,-44.75912664,168.3153192,Rural,upland,Pasture,3248,0.03,16.37,47.44,11.31,15.15,0.03,0.42,9.38,0.3,15.95,11.01,37.85,0.27,0.21,14.88,0,5,0.001,7.2395,0.0031,0.024,0.024,A,A,A,A,A,A,A
lawa-103815,Otago,Upper Lakes Rohe,-44.68119457,168.3449477,Forest,upland,Native vegetation,2039,0.03,16.37,47.44,11.31,15.15,0.03,0.42,9.38,0.3,15.95,11.01,37.85,0.27,0.21,14.88,0,1,0.0023,13.59,0.0034,0.037,0.037,A,A,A,A,A,A,A
lawa-103816,Otago,Upper Lakes Rohe,-44.78782782,168.397119,Forest,upland,Native vegetation,2039,0.03,16.37,47.44,11.31,15.15,0.03,0.42,9.38,0.3,15.95,11.01,37.85,0.27,0.21,14.88,0,6,0.001,1.151,0.0038,0.012,0.012,B,A,A,D,A,A,A
lawa-103817,Otago,Upper Lakes Rohe,-44.72245269,168.4612583,Forest,upland,Native vegetation,2039,0.03,16.37,47.44,11.31,15.15,0.03,0.42,9.38,0.3,15.95,11.01,37.85,0.27,0.21,14.88,0,1,0.001,3.852,0.0044,0.0064,0.0064,A,A,A,A,A,A,A
lawa-103818,Otago,Upper Lakes Rohe,-44.76580827,168.427518,Rural,upland,Pasture,2039,0.03,16.37,47.44,11.31,15.15,0.03,0.42,9.38,0.3,15.95,11.01,37.85,0.27,0.21,14.88,0,5,0.0012,2.241,0.0044,0.013,0.0132,A,A,A,C,A,A,A
lawa-103819,Otago,Upper Lakes Rohe,-44.80066172,168.3988276,Rural,upland,Pasture,2039,0.03,16.37,47.44,11.31,15.15,0.03,0.42,9.38,0.3,15.95,11.01,37.85,0.27,0.21,14.88,0,6,0.0014,9.274,0.0041,0.0035,0.0036,A,A,A,A,A,A,A
lawa-103820,Otago,Upper Lakes Rohe,-44.85782713,168.3928753,Rural,upland,Pasture,1884,0.03,16.37,47.44,11.31,15.15,0.03,0.42,9.38,0.3,15.95,11.01,37.85,0.27,0.21,14.88,0,4,0.0011,2.3815,0.0038,0.0178,0.0178,A,A,A,C,A,A,A
lawa-103821,Otago,Upper Lakes Rohe,-44.9917764,168.4308856,Forest,upland,Native vegetation,1884,0.03,16.37,47.44,11.31,15.15,0.03,0.42,9.38,0.3,15.95,11.01,37.85,0.27,0.21,14.88,0,10.5,0.0033,13.025,0.0038,0.004,0.0043,A,A,A,A,A,A,A
lawa-103822,Otago,Upper Lakes Rohe,-45.06707215,168.533627,Forest,upland,Native vegetation,1769,0.03,16.37,47.44,11.31,15.15,0.03,0.42,9.38,0.3,15.95,11.01,37.85,0.27,0.21,14.88,0,3.5,0.0026,13.59,0.0031,0.002,0.0021,A,A,A,A,A,A,A
lawa-103823,Otago,Dunstan Rohe,-45.00081773,169.0704433,Forest,upland,Native vegetation,1027,1.01,2.45,83.37,8.29,3.89,1.01,1.05,39.35,3.74,1.4,4.55,43.76,0.51,0.27,3.35,0.04,20.5,0.0076,4.167,0.0034,0.014,0.0142,A,B,A,A,A,A,A
lawa-103824,Otago,Upper Lakes Rohe,-44.24612314,169.2233757,Rural,upland,Pasture,3011,0.03,16.37,47.44,11.31,15.15,0.03,0.42,9.38,0.3,15.95,11.01,37.85,0.27,0.21,14.88,0,21.5,0.0011,4.429,0.0031,0.047,0.047,B,A,A,A,A,A,A
lawa-103825,Otago,Upper Lakes Rohe,-44.43855172,169.2157713,Forest,upland,Native vegetation,1686,0.03,16.37,47.44,11.31,15.15,0.03,0.42,9.38,0.3,15.95,11.01,37.85,0.27,0.21,14.88,0,5,0.0014,16.69,0.0038,0.0023,0.0025,A,A,A,A,A,A,A
lawa-103827,Otago,Upper Lakes Rohe,-44.53781119,169.3177854,Rural,upland,Native vegetation,947,0.03,16.37,47.44,11.31,15.15,0.03,0.42,9.38,0.3,15.95,11.01,37.85,0.27,0.21,14.88,0,5.5,0.0044,0.2272,0.0034,0.0075,0.0076,A,A,A,D,A,A,A
lawa-103828,Otago,Upper Lakes Rohe,-44.62657178,169.1508656,Rural,upland,Native vegetation,1112,0.03,16.37,47.44,11.31,15.15,0.03,0.42,9.38,0.3,15.95,11.01,37.85,0.27,0.21,14.88,0,69,0.0012,11.09,0.0038,0.072,0.0725,B,A,A,A,A,A,A
lawa-103829,Otago,Upper Lakes Rohe,-44.55525308,168.8939992,Rural,upland,Native vegetation,2083,0.03,16.37,47.44,11.31,15.15,0.03,0.42,9.38,0.3,15.95,11.01,37.85,0.27,0.21,14.88,0,28,0.001,10.01,0.0038,0.0168,0.017,D,A,A,A,A,A,A
lawa-103830,Otago,Upper Lakes Rohe,-44.65508279,168.9540449,Rural,upland,Native vegetation,2083,0.03,16.37,47.44,11.31,15.15,0.03,0.42,9.38,0.3,15.95,11.01,37.85,0.27,0.21,14.88,0,20,0.001,4.728,0.0038,0.031,0.032,A,A,A,A,A,A,A
lawa-103831,Otago,Dunstan Rohe,-45.00735725,169.2319263,Rural,upland,Native vegetation,836,1.01,2.45,83.37,8.29,3.89,1.01,1.05,39.35,3.74,1.4,4.55,43.76,0.51,0.27,3.35,0.04,57.5,0.0019,2.6325,0.0044,0.0027,0.0032,B,A,A,B,A,A,A
lawa-103832,Otago,Dunstan Rohe,-44.86854758,169.0171355,Forest,upland,Native vegetation,1688,1.01,2.45,83.37,8.29,3.89,1.01,1.05,39.35,3.74,1.4,4.55,43.76,0.51,0.27,3.35,0.04,45,0.001,2.3435,0.0044,0.0152,0.0161,A,A,A,C,A,A,A
lawa-103833,Otago,Dunstan Rohe,-45.22152294,169.2078632,Forest,upland,Native vegetation,1169,1.01,2.45,83.37,8.29,3.89,1.01,1.05,39.35,3.74,1.4,4.55,43.76,0.51,0.27,3.35,0.04,3.5,0.0026,7.9965,0.0024,0.0052,0.0056,A,A,A,A,A,A,A
lawa-103834,Otago,Manuherekia Rohe,-44.94924076,169.9215301,Rural,upland,Pasture,781,0.52,0.78,90.44,3.25,4.4,0.52,0.76,62.38,0.92,0.02,2.33,27.51,0.1,0.55,4.27,0.03,72,0.0019,3.4185,0.0024,0.051,0.0515,C,A,A,A,A,A,A
lawa-103835,Otago,Manuherekia Rohe,-44.76082893,169.90595,Forest,upland,Native vegetation,1519,0.52,0.78,90.44,3.25,4.4,0.52,0.76,62.38,0.92,0.02,2.33,27.51,0.1,0.55,4.27,0.03,6,0.0036,10.71,0.0024,0.0015,0.0017,A,A,A,A,A,A,A
lawa-103836,Otago,Roxburgh Rohe,-45.53860487,169.467835,Rural,upland,Native vegetation,874,1.41,3.1,86.01,5.77,2.36,1.41,2.98,60.58,2.47,0.12,3.31,24.22,0.34,1.22,1.81,0.21,52.5,0.0012,0.859,0.002,0.0023,0.0037,B,A,A,D,A,A,A
lawa-103837,Otago,Lower Clutha Rohe,-45.65527702,169.17651,Rural,upland,Pasture,1208,0.43,15.68,79.33,3.6,0.35,0.43,11.34,72.68,1.49,4.33,2.11,6.26,0.29,0.39,0.04,0.02,59,0.0047,4.32,0.0028,0.0082,0.0089,C,A,A,A,A,A,A
lawa-103838,Otago,North Otago FMU,-45.17798671,170.3946927,Rural,upland,Native vegetation,754,2.14,11.21,78.31,6.72,1.29,2.14,8.44,71.78,1.83,2.78,4.89,6.37,0.63,0.16,0.17,0.49,59.5,0.0019,11.09,0.0038,0.0119,0.012,B,A,A,A,A,A,A
lawa-103839,Otago,Taieri FMU,-45.81250953,170.4426308,Forest,upland,Exotic forest,1034,0.32,7.21,85.89,3.96,1.68,0.32,6.11,62.19,0.94,1.1,3.02,21.88,0.26,1.82,1.38,0.03,17,0.002,3.207,0.0026,0.028,0.029,A,A,A,A,A,A,A
lawa-103840,Otago,Lower Clutha Rohe,-45.95981392,169.4718747,Forest,lowland,Native vegetation,1062,0.43,15.68,79.33,3.6,0.35,0.43,11.34,72.68,1.49,4.33,2.11,6.26,0.29,0.39,0.04,0.02,13,0.0156,2.717,0.0028,0.07,0.071,A,C,A,B,A,A,A
lawa-103841,Otago,Catlins FMU,-46.50022331,169.4396137,Forest,lowland,Native vegetation,1042,0.06,44.52,50.37,4.02,0.21,0.06,7.2,48.94,1.29,37.32,2.73,0.67,0.1,0.77,0.11,0,48,0.0095,1.9335,0.0039,0.0191,0.021,C,B,A,A,A,A,A
lawa-103842,Otago,Catlins FMU,-46.51513674,169.3891358,Rural,lowland,Pasture,1042,0.06,44.52,50.37,4.02,0.21,0.06,7.2,48.94,1.29,37.32,2.73,0.67,0.1,0.77,0.11,0,166,0.0069,1.136,0.0044,0.315,0.315,D,B,A,C,A,A,A
lawa-103843,Otago,North Otago FMU,-45.09881624,170.9635909,Urban,lowland,Pasture,549,2.14,11.21,78.31,6.72,1.29,2.14,8.44,71.78,1.83,2.78,4.89,6.37,0.63,0.16,0.17,0.49,219,0.265,2.1435,0.0213,0.45,0.46,D,D,A,A,A,A,A
lawa-103844,Otago,North Otago FMU,-45.2624743,170.7976909,Rural,lowland,Pasture,657,2.14,11.21,78.31,6.72,1.29,2.14,8.44,71.78,1.83,2.78,4.89,6.37,0.63,0.16,0.17,0.49,84,0.0016,7.614,0.0034,0.43,0.43,D,A,A,A,A,A,A
lawa-103845,Otago,Upper Lakes Rohe,-45.03478936,168.6622369,Urban,upland,Urban,1769,0.03,16.37,47.44,11.31,15.15,0.03,0.42,9.38,0.3,15.95,11.01,37.85,0.27,0.21,14.88,0,151,0.0075,2.737,0.0084,0.1685,0.17,D,B,A,B,A,A,A
lawa-103847,Otago,Upper Lakes Rohe,-44.99186112,168.85859,Forest,upland,Native vegetation,1739,0.03,16.37,47.44,11.31,15.15,0.03,0.42,9.38,0.3,15.95,11.01,37.85,0.27,0.21,14.88,0,19,0.0011,3.549,0.0044,0.094,0.094,A,A,A,A,A,A,A
lawa-103848,Otago,Manuherekia Rohe,-45.04625368,169.7261971,Rural,upland,Pasture,642,0.52,0.78,90.44,3.25,4.4,0.52,0.76,62.38,0.92,0.02,2.33,27.51,0.1,0.55,4.27,0.03,161,0.0295,2.133,0.0057,0.0545,0.056,D,D,A,A,A,A,A
lawa-103849,Otago,Roxburgh Rohe,-45.65049955,169.3390257,Rural,lowland,Pasture,874,1.41,3.1,86.01,5.77,2.36,1.41,2.98,60.58,2.47,0.12,3.31,24.22,0.34,1.22,1.81,0.21,291,0.0102,1.844,0.0044,0.128,0.13,E,C,A,D,A,A,A
lawa-103852,Otago,Taieri FMU,-45.95439297,170.0993038,Forest,lowland,Native vegetation,870,0.32,7.21,85.89,3.96,1.68,0.32,6.11,62.19,0.94,1.1,3.02,21.88,0.26,1.82,1.38,0.03,139,0.0094,1.682,0.005,0.075,0.076,D,B,A,D,A,A,A
lawa-103853,Otago,Taieri FMU,-45.84545124,170.4011056,Forest,lowland,Native vegetation,818,0.32,7.21,85.89,3.96,1.68,0.32,6.11,62.19,0.94,1.1,3.02,21.88,0.26,1.82,1.38,0.03,44,0.0014,5.31,0.0044,0.004,0.0042,B,A,A,A,A,A,A
lawa-103854,Otago,Dunedin & Coast FMU,-46.10168524,170.162552,Forest,lowland,Exotic forest,811,0.13,39.38,46.45,9.11,4.65,0.13,30.79,45.56,3.57,8.59,5.54,0.29,4.27,0.6,0.21,0.18,93,0.0044,4.217,0.0031,0.34,0.34,B,A,B,A,A,B,B
lawa-103855,Otago,Dunedin & Coast FMU,-46.13324348,169.9338397,Rural,lowland,Pasture,756,0.13,39.38,46.45,9.11,4.65,0.13,30.79,45.56,3.57,8.59,5.54,0.29,4.27,0.6,0.21,0.18,1120,0.0199,0.6563,0.0151,0.36,0.36,E,D,B,D,A,B,B
lawa-103856,Otago,Lower Clutha Rohe,-46.012294,169.5212928,Rural,lowland,Pasture,744,0.43,15.68,79.33,3.6,0.35,0.43,11.34,72.68,1.49,4.33,2.11,6.26,0.29,0.39,0.04,0.02,167,0.02,1.616,0.0044,0.114,0.116,D,D,A,B,A,A,A
lawa-103857,Otago,Lower Clutha Rohe,-46.1720467,169.8332981,Rural,lowland,Pasture,735,0.43,15.68,79.33,3.6,0.35,0.43,11.34,72.68,1.49,4.33,2.11,6.26,0.29,0.39,0.04,0.02,291,0.0108,1.2905,0.0076,1.045,1.05,E,C,C,D,A,C,C
lawa-103858,Otago,Dunedin & Coast FMU,-45.7500238,170.5711912,Rural,lowland,Pasture,847,0.13,39.38,46.45,9.11,4.65,0.13,30.79,45.56,3.57,8.59,5.54,0.29,4.27,0.6,0.21,0.18,121,0.0031,3.323,0.0069,0.0154,0.0162,C,A,A,A,A,A,A
lawa-103859,Otago,North Otago FMU,-45.5187695,170.6968005,Rural,lowland,Pasture,594,2.14,11.21,78.31,6.72,1.29,2.14,8.44,71.78,1.83,2.78,4.89,6.37,0.63,0.16,0.17,0.49,52,0.0023,1.166,0.0057,0.009,0.0106,B,A,A,A,A,A,A
lawa-103860,Otago,North Otago FMU,-44.90630546,170.8337355,Rural,upland,Pasture,542,2.14,11.21,78.31,6.72,1.29,2.14,8.44,71.78,1.83,2.78,4.89,6.37,0.63,0.16,0.17,0.49,127,0.056,5.075,0.0114,0.35,0.35,C,D,A,A,B,A,A
lawa-103861,Otago,Dunstan Rohe,-45.08867565,169.1728609,Rural,upland,Native vegetation,836,1.01,2.45,83.37,8.29,3.89,1.01,1.05,39.35,3.74,1.4,4.55,43.76,0.51,0.27,3.35,0.04,45,0.003,2.679,0.0057,0.001,0.001,A,A,A,B,A,A,A
lawa-103862,Otago,Upper Lakes Rohe,-44.69523731,169.1366579,Urban,upland,Urban,1303,0.03,16.37,47.44,11.31,15.15,0.03,0.42,9.38,0.3,15.95,11.01,37.85,0.27,0.21,14.88,0,126,0.0011,10.71,0.0038,0.76,0.76,D,A,A,A,A,A,A
lawa-103864,Otago,Manuherekia Rohe,-45.10580627,169.5884448,Rural,upland,Pasture,622,0.52,0.78,90.44,3.25,4.4,0.52,0.76,62.38,0.92,0.02,2.33,27.51,0.1,0.55,4.27,0.03,232,0.0176,0.7403,0.0077,0.295,0.3,E,D,A,D,A,A,A
lawa-103865,Otago,Catlins FMU,-46.43425471,169.6431044,Rural,lowland,Pasture,982,0.06,44.52,50.37,4.02,0.21,0.06,7.2,48.94,1.29,37.32,2.73,0.67,0.1,0.77,0.11,0,179,0.0158,1.3535,0.0062,0.995,1.005,D,C,B,B,A,B,B
lawa-103869,Otago,North Otago FMU,-45.60933827,170.6070276,Rural,lowland,Pasture,694,2.14,11.21,78.31,6.72,1.29,2.14,8.44,71.78,1.83,2.78,4.89,6.37,0.63,0.16,0.17,0.49,47,0.0012,4.543,0.0044,0.024,0.025,A,A,A,A,A,A,A
lawa-103988,Manawatū-Whanganui,Kaikokopu,-40.371824,175.24679,Rural,lowland,Exotic forest,973,1.05,17.64,77.97,0.65,2.21,1.05,17.62,76.89,0.57,0.02,0.08,0,0.72,1.08,1.5,0,339,0.074,,0.2258,0.2745,0.307,E,D,A,,C,A,A
lawa-103989,Manawatū-Whanganui,Whanganui,-39.051756,175.552203,Forest,upland,Native vegetation,1801,0.14,53.62,36.14,8.49,1.23,0.14,8.38,34.49,0.57,45.24,7.93,1.14,0.45,0.5,0.75,0.04,,0.013,,0.0022,0.01,0.012,,C,A,,A,A,A
lawa-103992,Manawatū-Whanganui,Owahanga,-40.633697,176.309537,Rural,lowland,Pasture,1165,0.01,13.75,71.96,13.9,0.13,0.01,7.85,71.93,0.32,5.9,13.58,0,0.04,0.02,0.07,0.02,120.8,0.0035,,,0.005,0.0085,D,C,A,,,A,A
lawa-103994,Manawatū-Whanganui,Whanganui,-39.02752,175.600664,Forest,upland,Native vegetation,1801,0.14,53.62,36.14,8.49,1.23,0.14,8.38,34.49,0.57,45.24,7.93,1.14,0.45,0.5,0.75,0.04,,0.029,,,0.014,0.014,,D,A,,,A,A
mdc-00003,Marlborough,Awatere River,-41.83477611,173.7308167,Rural,upland,Native vegetation,1428,3.66,3.56,63.36,14.14,15.04,3.66,1.21,50.36,0.16,2.36,13.98,12.95,0.05,0.05,14.98,0,12,0.0096,,0.0025,0.027,0.029,B,B,A,,A,A,A
mdc-00013,Marlborough,Wairau River,-41.56218999,173.5138337,Rural,upland,Pasture,1086,3.17,41.02,27.78,14.23,13.27,3.17,14.86,18.13,0.79,26.16,13.44,9.57,0.05,0.09,13.21,0.02,125,0.012,,0.0031,1.52,1.525,B,C,B,,A,B,B
nrwqn-00017,Hawke'S Bay,Mohaka River,-39.0729794,177.1292646,Forest,lowland,Native vegetation,1374,0.14,67.16,16.41,15.7,0.26,0.14,14.7,16.09,0.37,52.46,15.33,0.3,0,0.02,0.25,0.01,40,0.0108,0.5162,0.0029,0.1865,0.1875,B,C,A,D,A,A,A
nrwqn-00028,Otago,Taieri FMU,-45.5962017,170.0941362,Rural,upland,Pasture,704,0.32,7.21,85.89,3.96,1.68,0.32,6.11,62.19,0.94,1.1,3.02,21.88,0.26,1.82,1.38,0.03,166,0.0044,2.929,0.0026,0.0043,0.0052,D,A,A,B,A,A,A
nrwqn-00033,Southland,Mataura River,-46.389167,168.7775,Rural,lowland,Pasture,1056,0.84,12.03,81.19,3.71,1.88,0.84,4.27,63.25,0.93,7.76,2.77,17.27,0.28,0.66,1.57,0.02,400,0.008,1.085,,,1.0775,E,B,B,D,,,B
nrwqn-00035,Taranaki,Waitara River,-39.28117126,174.2617578,Rural,upland,Native vegetation,2029,0.22,37.82,56.29,4.41,0.72,0.22,4.7,56.13,0.14,33.12,4.27,0.1,0.4,0.05,0.28,0.04,115.5,0.01,3.35,0.0043,,0.132,D,B,A,A,A,,A
nrwqn-00036,Taranaki,Waitara River,-39.04789981,174.2550704,Rural,lowland,Pasture,1797,0.22,37.82,56.29,4.41,0.72,0.22,4.7,56.13,0.14,33.12,4.27,0.1,0.4,0.05,0.28,0.04,286,0.005,0.4415,0.0106,,0.307,E,A,A,D,A,,A
nrwqn-00037,Tasman,Upper Buller,-41.76510852,172.3867363,Forest,upland,Native vegetation,2056,0,71.18,15.66,5.23,6.58,0,2.52,8.11,0.26,68.65,4.98,7.51,0.04,0.05,6.52,0.03,29,0.001,3.9,0.0018,,0.043,A,A,A,A,A,,A
nrwqn-00039,Waikato,Waikato River,-38.67575423,176.0773507,Forest,upland,Native vegetation,1433,0.99,32.68,54.57,3.87,2.29,0.99,16.6,53.4,0.48,16.08,3.39,0.55,1.4,0.62,0.69,0.2,6,0.001,6.245,0.0027,,0.001,A,A,A,A,A,,A
nrwqn-00040,Waikato,Waikato River,-38.26780666,175.3493748,Rural,lowland,Pasture,1591,0.99,32.68,54.57,3.87,2.29,0.99,16.6,53.4,0.48,16.08,3.39,0.55,1.4,0.62,0.69,0.2,219.5,0.008,1.29,0.0041,,0.267,D,B,A,D,A,,A
nrwqn-00041,Waikato,Waikato River,-37.7985615,175.1518497,Rural,lowland,Pasture,1477,0.99,32.68,54.57,3.87,2.29,0.99,16.6,53.4,0.48,16.08,3.39,0.55,1.4,0.62,0.69,0.2,461,0.014,0.51,0.0099,,0.671,E,C,B,D,A,,B
nrwqn-00051,West Coast,Grey River,-42.45354132,171.2978826,Forest,lowland,Native vegetation,3156,0,67.28,20.77,7.47,2.42,0,3.72,13.61,1.31,63.56,6.17,6.69,0.24,0.47,2.1,0.09,50,0.002,1.55,0.0031,,0.139,C,A,A,D,A,,A
nrwqn-00052,West Coast,Grey River,-42.35445854,171.7861605,Forest,upland,Native vegetation,3090,0,67.28,20.77,7.47,2.42,0,3.72,13.61,1.31,63.56,6.17,6.69,0.24,0.47,2.1,0.09,18,0.002,3.25,0.0021,,0.031,A,A,A,A,A,,A
nrwqn-00053,West Coast,Lower Buller,-41.83492633,171.6998301,Forest,lowland,Native vegetation,3321,0,81.61,10.33,5.18,2.15,0,1.42,5.68,0.59,80.19,4.58,4.51,0.19,0.14,1.58,0.39,24,0.002,1.35,0.0026,,0.071,B,A,A,C,A,,A
nrwqn-00056,Tasman,Motueka River,-41.63350386,172.9136807,Forest,upland,Native vegetation,1692,0.85,68.03,20.77,8.55,1.64,0.85,27.51,15.99,1.64,40.51,6.91,4.78,0.09,0,1.49,0.05,6,0.002,11.2,0.0023,,0.03,A,A,A,A,A,,A
nrwqn-00057,Tasman,Motueka River,-41.25748375,172.8226764,Forest,lowland,Native vegetation,2062,0.85,68.03,20.77,8.55,1.64,0.85,27.51,15.99,1.64,40.51,6.91,4.78,0.09,0,1.49,0.05,27,0.002,4.05,0.0046,,0.2005,B,A,A,A,A,,A
nrwqn-00058,Marlborough,Wairau River,-41.89556561,172.9225464,Forest,upland,Native vegetation,2263,3.17,41.02,27.78,14.23,13.27,3.17,14.86,18.13,0.79,26.16,13.44,9.57,0.05,0.09,13.21,0.02,3,0.003,3.52,0.0017,,0.0115,A,A,A,A,A,,A
nrwqn-00060,Southland,Waiau River,-46.130833,167.686111,Forest,lowland,Native vegetation,1206,0,42.24,38.72,4.71,7.12,0,2.88,20.51,0.25,39.35,4.46,17.27,0.09,0.93,7,0.02,68,0.001,1.51,,,0.249,D,A,A,D,,,A
orc-00012,Otago,Manuherekia Rohe,-44.93943275,169.7648658,Rural,upland,Native vegetation,933,0.52,0.78,90.44,3.25,4.4,0.52,0.76,62.38,0.92,0.02,2.33,27.51,0.1,0.55,4.27,0.03,62.5,0.0025,4.486,0.0026,0.079,0.0795,B,A,A,A,A,A,A
orc-00015,Otago,Dunstan Rohe,-44.65045243,169.2464021,Rural,upland,Native vegetation,947,1.01,2.45,83.37,8.29,3.89,1.01,1.05,39.35,3.74,1.4,4.55,43.76,0.51,0.27,3.35,0.04,2,0.001,7.273,0.0034,0.0196,0.0197,A,A,A,A,A,A,A
orc-00017,Otago,Lower Clutha Rohe,-45.87150623,169.2124446,Rural,upland,Pasture,951,0.43,15.68,79.33,3.6,0.35,0.43,11.34,72.68,1.49,4.33,2.11,6.26,0.29,0.39,0.04,0.02,579,0.027,0.8508,0.0103,1.16,1.16,E,D,B,D,A,B,B
orc-00021,Otago,Dunedin & Coast FMU,-45.90427956,170.4217087,Urban,lowland,Urban,818,0.13,39.38,46.45,9.11,4.65,0.13,30.79,45.56,3.57,8.59,5.54,0.29,4.27,0.6,0.21,0.18,1083,0.0094,1.107,0.0114,0.4,0.41,E,B,B,A,B,B,B
orc-00025,Otago,North Otago FMU,-45.17720505,170.881087,Rural,lowland,Pasture,545,2.14,11.21,78.31,6.72,1.29,2.14,8.44,71.78,1.83,2.78,4.89,6.37,0.63,0.16,0.17,0.49,93,0.0026,5.76,0.0041,0.27,0.27,C,A,A,A,A,A,A
orc-00040,Otago,Dunstan Rohe,-44.74537543,169.507823,Rural,upland,Native vegetation,914,1.01,2.45,83.37,8.29,3.89,1.01,1.05,39.35,3.74,1.4,4.55,43.76,0.51,0.27,3.35,0.04,74.5,0.0016,2.3825,0.0034,0.0235,0.0235,A,A,A,C,A,A,A
orc-00043,Otago,Dunstan Rohe,-44.7484624,169.2687184,Rural,upland,Native vegetation,1081,1.01,2.45,83.37,8.29,3.89,1.01,1.05,39.35,3.74,1.4,4.55,43.76,0.51,0.27,3.35,0.04,67.5,0.0092,3.0745,0.0026,0.0048,0.005,C,B,A,A,A,A,A
orc-00046,Otago,Manuherekia Rohe,-45.22638046,169.4306264,Rural,upland,Pasture,611,0.52,0.78,90.44,3.25,4.4,0.52,0.76,62.38,0.92,0.02,2.33,27.51,0.1,0.55,4.27,0.03,62,0.0096,1.397,0.0038,0.053,0.054,B,B,A,D,A,A,A
orc-00047,Otago,Manuherekia Rohe,-45.11085125,169.591589,Rural,upland,Pasture,622,0.52,0.78,90.44,3.25,4.4,0.52,0.76,62.38,0.92,0.02,2.33,27.51,0.1,0.55,4.27,0.03,157.5,0.013,1.136,0.0054,0.0965,0.099,D,C,A,D,A,A,A
orc-00048,Otago,Upper Lakes Rohe,-44.63582466,168.990675,Rural,upland,Native vegetation,2083,0.03,16.37,47.44,11.31,15.15,0.03,0.42,9.38,0.3,15.95,11.01,37.85,0.27,0.21,14.88,0,25.5,0.0022,1.271,0.0044,0.0648,0.0648,A,A,A,D,A,A,A
orc-00049,Otago,Dunstan Rohe,-44.96747122,168.8143683,Rural,upland,Pasture,1405,1.01,2.45,83.37,8.29,3.89,1.01,1.05,39.35,3.74,1.4,4.55,43.76,0.51,0.27,3.35,0.04,121,0.0039,0.9821,0.0057,0.35,0.35,D,A,A,D,A,A,A
orc-00061,Otago,North Otago FMU,-45.47478249,170.7547475,Rural,lowland,Pasture,628,2.14,11.21,78.31,6.72,1.29,2.14,8.44,71.78,1.83,2.78,4.89,6.37,0.63,0.16,0.17,0.49,90,0.0044,5.4,0.0053,0.1655,0.1685,C,A,A,A,A,A,A
orc-00066,Otago,Taieri FMU,-45.87270712,170.3220841,Rural,lowland,Pasture,698,0.32,7.21,85.89,3.96,1.68,0.32,6.11,62.19,0.94,1.1,3.02,21.88,0.26,1.82,1.38,0.03,84,0.0027,4.167,0.0057,0.3,0.3,D,A,A,A,A,A,A
orc-00070,Otago,Taieri FMU,-45.91094976,170.2624134,Rural,lowland,Pasture,698,0.32,7.21,85.89,3.96,1.68,0.32,6.11,62.19,0.94,1.1,3.02,21.88,0.26,1.82,1.38,0.03,109,0.0076,0.9935,0.0055,0.043,0.0445,C,B,A,D,A,A,A
orc-00071,Otago,Taieri FMU,-45.32616959,169.9543352,Rural,upland,Native vegetation,648,0.32,7.21,85.89,3.96,1.68,0.32,6.11,62.19,0.94,1.1,3.02,21.88,0.26,1.82,1.38,0.03,53,0.0045,2.294,0.0023,0.0076,0.0096,A,A,A,C,A,A,A
orc-00074,Otago,Taieri FMU,-45.4835422,169.8139037,Rural,upland,Native vegetation,1139,0.32,7.21,85.89,3.96,1.68,0.32,6.11,62.19,0.94,1.1,3.02,21.88,0.26,1.82,1.38,0.03,58,0.0018,2.6885,0.0021,0.001,0.002,A,A,A,B,A,A,A
orc-00079,Otago,North Otago FMU,-45.39218711,170.8387501,Rural,lowland,Pasture,567,2.14,11.21,78.31,6.72,1.29,2.14,8.44,71.78,1.83,2.78,4.89,6.37,0.63,0.16,0.17,0.49,89.5,0.0039,2.528,0.0085,0.465,0.47,C,A,A,A,B,A,A
orc-00081,Otago,North Otago FMU,-45.25300894,170.8412724,Rural,lowland,Pasture,545,2.14,11.21,78.31,6.72,1.29,2.14,8.44,71.78,1.83,2.78,4.89,6.37,0.63,0.16,0.17,0.49,69,0.0017,9.137,0.0034,0.35,0.35,C,A,A,A,A,A,A
orc-00082,Otago,North Otago FMU,-45.15381604,170.8819161,Rural,lowland,Pasture,549,2.14,11.21,78.31,6.72,1.29,2.14,8.44,71.78,1.83,2.78,4.89,6.37,0.63,0.16,0.17,0.49,172,0.2,3.074,0.012,0.25,0.25,D,D,B,A,B,B,B
orc-00088,Otago,Lower Clutha Rohe,-46.28964035,169.23106,Rural,upland,Pasture,1227,0.43,15.68,79.33,3.6,0.35,0.43,11.34,72.68,1.49,4.33,2.11,6.26,0.29,0.39,0.04,0.02,210,0.0135,0.9821,0.0077,0.68,0.69,D,C,B,C,A,B,B
orc-00089,Otago,Taieri FMU,-45.9305015,170.0660589,Forest,lowland,Native vegetation,870,0.32,7.21,85.89,3.96,1.68,0.32,6.11,62.19,0.94,1.1,3.02,21.88,0.26,1.82,1.38,0.03,14,0.001,2.053,0.0022,0.0166,0.0179,A,A,A,D,A,A,A
orc-00094,Otago,Lower Clutha Rohe,-46.16708793,169.5562548,Rural,lowland,Pasture,784,0.43,15.68,79.33,3.6,0.35,0.43,11.34,72.68,1.49,4.33,2.11,6.26,0.29,0.39,0.04,0.02,228,0.023,1.271,0.0098,0.91,0.92,D,D,B,A,A,B,B
orc-00095,Otago,Dunedin & Coast FMU,-45.86223451,170.5174677,Urban,lowland,Urban,852,0.13,39.38,46.45,9.11,4.65,0.13,30.79,45.56,3.57,8.59,5.54,0.29,4.27,0.6,0.21,0.18,816,0.0184,1.616,0.007,0.43,0.43,E,D,A,B,A,A,A
orc-00096,Otago,Lower Clutha Rohe,-45.89854092,169.2351503,Rural,upland,Pasture,951,0.43,15.68,79.33,3.6,0.35,0.43,11.34,72.68,1.49,4.33,2.11,6.26,0.29,0.39,0.04,0.02,579,0.036,0.7913,0.0116,1.13,1.14,E,D,B,D,B,B,B
orc-00097,Otago,Lower Clutha Rohe,-46.10268447,169.3207375,Rural,lowland,Pasture,953,0.43,15.68,79.33,3.6,0.35,0.43,11.34,72.68,1.49,4.33,2.11,6.26,0.29,0.39,0.04,0.02,770,0.044,0.457,0.0305,1.4,1.41,E,D,C,D,B,C,C
orc-00098,Otago,Taieri FMU,-45.15003543,170.2612371,Rural,upland,Pasture,654,0.32,7.21,85.89,3.96,1.68,0.32,6.11,62.19,0.94,1.1,3.02,21.88,0.26,1.82,1.38,0.03,55,0.0035,3.354,0.0031,0.058,0.059,A,A,A,A,A,A,A
orc-00103,Otago,Dunstan Rohe,-44.75005579,169.1169081,Rural,upland,Native vegetation,1303,1.01,2.45,83.37,8.29,3.89,1.01,1.05,39.35,3.74,1.4,4.55,43.76,0.51,0.27,3.35,0.04,52.5,0.0013,2.884,0.0038,0.087,0.0875,A,A,A,B,A,A,A
orc-00105,Otago,Catlins FMU,-46.46115241,169.5505012,Rural,lowland,Pasture,982,0.06,44.52,50.37,4.02,0.21,0.06,7.2,48.94,1.29,37.32,2.73,0.67,0.1,0.77,0.11,0,153.5,0.0107,1.199,0.0044,0.475,0.475,D,C,A,B,A,A,A
orc-00107,Otago,Upper Lakes Rohe,-44.77397608,168.3244287,Forest,upland,Native vegetation,3248,0.03,16.37,47.44,11.31,15.15,0.03,0.42,9.38,0.3,15.95,11.01,37.85,0.27,0.21,14.88,0,6,0.0016,0.2467,0.0034,0.0225,0.023,A,A,A,D,A,A,A
orc-00109,Otago,Taieri FMU,-45.69596143,170.0506149,Rural,upland,Pasture,827,0.32,7.21,85.89,3.96,1.68,0.32,6.11,62.19,0.94,1.1,3.02,21.88,0.26,1.82,1.38,0.03,99,0.0016,4.168,0.0022,0.001,0.0012,A,A,A,A,A,A,A
orc-00115,Otago,North Otago FMU,-45.03179169,170.7522005,Rural,lowland,Pasture,613,2.14,11.21,78.31,6.72,1.29,2.14,8.44,71.78,1.83,2.78,4.89,6.37,0.63,0.16,0.17,0.49,214,0.0011,8.639,0.0034,0.03,0.03,D,A,A,A,A,A,A
orc-00117,Otago,North Otago FMU,-45.11102763,170.736353,Rural,upland,Pasture,613,2.14,11.21,78.31,6.72,1.29,2.14,8.44,71.78,1.83,2.78,4.89,6.37,0.63,0.16,0.17,0.49,131,0.0022,10.35,0.0034,0.016,0.0168,D,A,A,A,A,A,A
orc-00119,Otago,Dunedin & Coast FMU,-45.85174277,170.5238341,Urban,lowland,Urban,852,0.13,39.38,46.45,9.11,4.65,0.13,30.79,45.56,3.57,8.59,5.54,0.29,4.27,0.6,0.21,0.18,548,0.0159,1.234,0.0076,0.54,0.55,E,C,B,D,A,B,B
orc-00127,Otago,Taieri FMU,-45.58261342,170.2527651,Rural,upland,Pasture,747,0.32,7.21,85.89,3.96,1.68,0.32,6.11,62.19,0.94,1.1,3.02,21.88,0.26,1.82,1.38,0.03,36,0.0063,3.62,0.0031,0.001,0.0026,A,B,A,A,A,A,A
orc-00130,Otago,Lower Clutha Rohe,-46.05896356,169.4016612,Rural,lowland,Pasture,779,0.43,15.68,79.33,3.6,0.35,0.43,11.34,72.68,1.49,4.33,2.11,6.26,0.29,0.39,0.04,0.02,110,0.0105,0.9821,0.0061,0.54,0.55,D,C,B,D,A,B,B
orc-00131,Otago,Lower Clutha Rohe,-45.86593043,169.1403369,Rural,upland,Pasture,899,0.43,15.68,79.33,3.6,0.35,0.43,11.34,72.68,1.49,4.33,2.11,6.26,0.29,0.39,0.04,0.02,179,0.0057,2.001,0.0028,0.047,0.049,D,A,A,D,A,A,A
orc-00133,Otago,North Otago FMU,-45.42550192,170.6633231,Rural,lowland,Pasture,635,2.14,11.21,78.31,6.72,1.29,2.14,8.44,71.78,1.83,2.78,4.89,6.37,0.63,0.16,0.17,0.49,53,0.0029,6.072,0.0044,0.0705,0.0715,B,A,A,A,A,A,A
orc-00153,Otago,Taieri FMU,-45.84981152,170.2427733,Rural,lowland,Pasture,698,0.32,7.21,85.89,3.96,1.68,0.32,6.11,62.19,0.94,1.1,3.02,21.88,0.26,1.82,1.38,0.03,59,0.0069,1.555,0.0031,0.0255,0.027,B,B,A,D,A,A,A
orc-00154,Otago,Taieri FMU,-45.56852041,170.1403683,Rural,upland,Pasture,704,0.32,7.21,85.89,3.96,1.68,0.32,6.11,62.19,0.94,1.1,3.02,21.88,0.26,1.82,1.38,0.03,139,0.0093,0.9208,0.0038,0.026,0.027,D,B,A,D,A,A,A
orc-00155,Otago,Taieri FMU,-45.25720125,170.2718012,Rural,upland,Pasture,656,0.32,7.21,85.89,3.96,1.68,0.32,6.11,62.19,0.94,1.1,3.02,21.88,0.26,1.82,1.38,0.03,75,0.0126,1.166,0.0038,0.026,0.027,B,C,A,D,A,A,A
orc-00156,Otago,Taieri FMU,-45.19673042,170.153222,Rural,upland,Pasture,825,0.32,7.21,85.89,3.96,1.68,0.32,6.11,62.19,0.94,1.1,3.02,21.88,0.26,1.82,1.38,0.03,117.5,0.0193,1.498,0.0043,0.021,0.023,B,D,A,D,A,A,A
orc-00159,Otago,Dunedin & Coast FMU,-46.08198102,169.8523257,Rural,lowland,Pasture,756,0.13,39.38,46.45,9.11,4.65,0.13,30.79,45.56,3.57,8.59,5.54,0.29,4.27,0.6,0.21,0.18,248,0.0082,1.616,0.0041,0.141,0.145,D,B,A,B,A,A,A
orc-00162,Otago,Lower Clutha Rohe,-46.10746729,169.2516783,Rural,upland,Pasture,953,0.43,15.68,79.33,3.6,0.35,0.43,11.34,72.68,1.49,4.33,2.11,6.26,0.29,0.39,0.04,0.02,179,0.0146,1.498,0.0061,1.11,1.11,D,C,B,A,A,B,B
orc-00163,Otago,Lower Clutha Rohe,-46.02484629,169.6972263,Rural,lowland,Pasture,801,0.43,15.68,79.33,3.6,0.35,0.43,11.34,72.68,1.49,4.33,2.11,6.26,0.29,0.39,0.04,0.02,249,0.0116,1.31,0.0049,0.134,0.138,D,C,A,D,A,A,A
orc-00172,Otago,Manuherekia Rohe,-44.97945343,169.7854944,Rural,upland,Pasture,933,0.52,0.78,90.44,3.25,4.4,0.52,0.76,62.38,0.92,0.02,2.33,27.51,0.1,0.55,4.27,0.03,53.5,0.0022,1.2905,0.0026,0.0042,0.0046,B,A,A,D,A,A,A
tdc-00002,Tasman,Aorere,-40.66933395,172.6439089,Rural,lowland,Native vegetation,2008,0.01,56.41,24.59,16.78,1.17,0.01,1,20.14,0.07,55.42,16.71,3.69,0,0.76,1.16,0.01,48,0.0022,5.935,0.0013,0.101,,C,A,A,A,A,A,
tdc-00038,Tasman,Motupipi,-40.85596829,172.8317244,Rural,lowland,Pasture,2050,0.08,34.64,50.85,12.97,1.46,0.08,2.04,50.74,2.81,32.6,10.15,0,1.39,0.11,0,0.06,395,0.0091,7.125,0.0053,1.77,,E,B,B,A,A,B,
tdc-00040,Tasman,Motupipi,-40.85631073,172.8318066,Rural,lowland,Pasture,2050,0.08,34.64,50.85,12.97,1.46,0.08,2.04,50.74,2.81,32.6,10.15,0,1.39,0.11,0,0.06,730,0.008,3.3,0.0089,1.6,,E,D,B,A,B,B,
tdc-00046,Tasman,Onekaka,-40.7584504,172.7056317,Rural,lowland,Pasture,1918,0,44.15,28.29,26.97,0.52,0,2.54,28.28,0,41.61,26.97,0,0.52,0.02,0,0,110,0.0076,6.55,0.0029,0.15,,D,C,A,A,B,A,
trc-00001,Taranaki,Patea River,-39.39017573,174.4735074,Rural,lowland,Pasture,1903,0.04,33.88,57.67,6.88,0.66,0.04,6.28,57.39,0.34,27.6,6.54,0,0.62,0.28,0.02,0.02,180,0.0025,1.07,0.0066,0.103,0.105,D,A,A,A,A,A,A
trc-00002,Taranaki,Waitara River,-39.15983929,174.2592374,Rural,lowland,Pasture,1797,0.22,37.82,56.29,4.41,0.72,0.22,4.7,56.13,0.14,33.12,4.27,0.1,0.4,0.05,0.28,0.04,405,0.023,2.75,0.0046,0.295,0.3,E,D,A,A,A,A,A
trc-00003,Taranaki,Mangaoraka Stream,-39.05841166,174.1838079,Rural,lowland,Pasture,1797,2.07,7.5,87.74,0.02,2.51,2.07,1.89,87.47,0.01,5.62,0.02,0.1,2.19,0.17,0.03,0.28,1000,0.0081,2.02,0.0092,0.87,0.87,E,B,A,A,A,A,A
trc-00004,Taranaki,Patea River,-39.32526182,174.1841602,Forest,upland,Native vegetation,2029,0.04,33.88,57.67,6.88,0.66,0.04,6.28,57.39,0.34,27.6,6.54,0,0.62,0.28,0.02,0.02,30,0.0179,3.77,0.0014,0.017,0.017,A,C,A,A,A,A,A
trc-00005,Taranaki,Patea River,-39.33812592,174.3376719,Rural,upland,Pasture,1903,0.04,33.88,57.67,6.88,0.66,0.04,6.28,57.39,0.34,27.6,6.54,0,0.62,0.28,0.02,0.02,390,0.03,1.65,0.038,0.9,0.91,E,D,A,B,B,A,A
trc-00006,Taranaki,Punehu Stream,-39.38968468,174.0271416,Forest,upland,Native vegetation,2131,0,26.1,71.72,0.07,2.07,0,1.16,70.67,0.05,24.94,0.02,1.04,0.03,0,2.04,0,140,0.02,1.5088,0.0061,0.063,0.065,D,D,A,C,A,A,A
trc-00007,Taranaki,Punehu Stream,-39.48377458,173.9236508,Rural,lowland,Pasture,1948,0,26.1,71.72,0.07,2.07,0,1.16,70.67,0.05,24.94,0.02,1.04,0.03,0,2.04,0,750,0.0275,1.75,0.0134,1.1,1.105,E,D,B,B,A,B,B
trc-00008,Taranaki,Hangatahua (Stony) River,-39.23190215,173.9070613,Forest,upland,Native vegetation,2611,0,58.36,32.3,1.08,8.15,0,0.11,23.98,0.11,58.25,0.97,5.88,0.04,2.45,8.1,0,10,0.0174,2.9775,0.0019,0.025,0.026,A,C,A,A,A,A,A
trc-00009,Taranaki,Waingongoro River,-39.44322266,174.2858208,Rural,upland,Pasture,1722,0,7.29,91.32,0.05,1.1,0,0.76,91.29,0.04,6.53,0.01,0,1.09,0.03,0,0.01,265,0.0178,1.55,0.0085,1.295,1.305,E,C,B,B,A,B,B
trc-00010,Taranaki,Waingongoro River,-39.57503787,174.2086973,Rural,lowland,Pasture,1522,0,7.29,91.32,0.05,1.1,0,0.76,91.29,0.04,6.53,0.01,0,1.09,0.03,0,0.01,410,0.033,1.07,0.0147,1.87,1.87,E,D,B,D,A,B,B
trc-00011,Taranaki,Waiwhakaiho River,-39.14505238,174.1377919,Rural,upland,Pasture,1926,0.39,36.05,56.7,0.34,5.82,0.39,3.22,56.22,0.32,32.84,0.02,0.38,4.36,0.09,1.24,0.22,225,0.027,3.03,0.0046,0.095,0.0955,D,D,A,A,A,A,A
wcrc-00001,West Coast,Grey River,-42.5525352,171.4551424,Rural,lowland,Pasture,3373,0,67.28,20.77,7.47,2.42,0,3.72,13.61,1.31,63.56,6.17,6.69,0.24,0.47,2.1,0.09,145,0.0066,2.405,0.0042,0.86,0.86,D,B,A,C,B,A,B
wcrc-00002,West Coast,Grey River,-42.5560052,171.4607088,Rural,lowland,Pasture,3373,0,67.28,20.77,7.47,2.42,0,3.72,13.61,1.31,63.56,6.17,6.69,0.24,0.47,2.1,0.09,160,0.006,3.165,0.0026,0.66,0.66,D,A,A,A,A,A,A
wcrc-00003,West Coast,Grey River,-42.40441564,171.5203545,Forest,lowland,Native vegetation,2933,0,67.28,20.77,7.47,2.42,0,3.72,13.61,1.31,63.56,6.17,6.69,0.24,0.47,2.1,0.09,59,0.0066,2.46,0.0029,0.13,0.133,B,B,A,C,A,A,A
wcrc-00004,West Coast,Grey River,-42.37775303,171.4129019,Forest,lowland,Native vegetation,3004,0,67.28,20.77,7.47,2.42,0,3.72,13.61,1.31,63.56,6.17,6.69,0.24,0.47,2.1,0.09,23.5,0.002,0.73,0.0091,0.1045,0.105,B,A,A,D,A,A,A
wcrc-00005,West Coast,Lower Buller,-42.08800417,171.8474075,Rural,upland,Pasture,2525,0,81.61,10.33,5.18,2.15,0,1.42,5.68,0.59,80.19,4.58,4.51,0.19,0.14,1.58,0.39,200,0.002,0.55,0.0098,0.22,0.225,D,A,A,D,A,A,A
wcrc-00006,West Coast,Grey River,-42.1988594,171.7189552,Forest,lowland,Native vegetation,2512,0,67.28,20.77,7.47,2.42,0,3.72,13.61,1.31,63.56,6.17,6.69,0.24,0.47,2.1,0.09,64,0.0077,2.885,0.0077,0.225,0.225,D,B,A,A,A,A,A
wcrc-00007,West Coast,Grey River,-42.45722201,171.2055702,Forest,lowland,Native vegetation,3156,0,67.28,20.77,7.47,2.42,0,3.72,13.61,1.31,63.56,6.17,6.69,0.24,0.47,2.1,0.09,2100,0.0076,1.415,0.0071,0.046,0.049,E,B,A,A,A,A,A
wcrc-00008,West Coast,Grey River,-42.49104989,171.2149949,Forest,lowland,Native vegetation,3156,0,67.28,20.77,7.47,2.42,0,3.72,13.61,1.31,63.56,6.17,6.69,0.24,0.47,2.1,0.09,60,0.0082,1.485,0.0021,0.0245,0.025,D,B,A,A,A,A,A
wcrc-00012,West Coast,Seven Mile Creek,-42.37614725,171.2429464,Forest,lowland,Native vegetation,3156,0,80.86,8.47,5.97,4.48,0,0.14,7.44,4.63,80.71,1.35,0.91,2.79,0.11,0.95,0.74,131,,1.205,,,,D,,,B,,,
wcrc-00013,West Coast,Hokitika River,-42.83256048,171.0323152,Rural,lowland,Pasture,2878,0,42.76,24.92,16.24,13.7,0,2.03,13.13,1.05,40.74,15.2,10.28,0.28,1.51,13.37,0.05,110,0.0071,8.895,0.0021,0.865,0.865,D,D,A,A,A,A,A
wcrc-00014,West Coast,Hokitika River,-42.8525437,171.0115477,Rural,lowland,Pasture,2964,0,42.76,24.92,16.24,13.7,0,2.03,13.13,1.05,40.74,15.2,10.28,0.28,1.51,13.37,0.05,405,0.024,2.88,0.0099,0.39,0.395,E,D,A,B,B,A,A
wcrc-00015,West Coast,Hokitika River,-42.85921478,171.0296816,Rural,lowland,Pasture,2964,0,42.76,24.92,16.24,13.7,0,2.03,13.13,1.05,40.74,15.2,10.28,0.28,1.51,13.37,0.05,150,0.0146,4.92,0.0058,0.59,0.59,D,D,A,A,B,A,A
wcrc-00016,West Coast,Bradshaws Creek,-41.76023604,171.545017,Rural,lowland,Pasture,2536,0,7.64,82.32,4.73,2.71,0,1.46,73.74,0.66,6.18,4.07,0,2.33,8.58,0.2,0.17,245,0.0127,1.28,0.0193,0.3,0.31,D,C,A,D,A,A,A
wcrc-00018,West Coast,Orowaiti River,-41.77099829,171.6253953,Rural,lowland,Pasture,2536,0,37.15,38.55,13.23,9.26,0,1.66,37.05,0.44,35.49,12.79,0,6.93,1.5,2.18,0.14,240,0.0088,0.55,0.0118,0.0275,0.03,D,C,A,D,A,A,A
wcrc-00019,West Coast,Orowaiti River,-41.76873193,171.6615243,Forest,lowland,Native vegetation,2536,0,37.15,38.55,13.23,9.26,0,1.66,37.05,0.44,35.49,12.79,0,6.93,1.5,2.18,0.14,21.5,0.0043,0.8,0.0051,0.023,0.0235,B,A,A,D,A,A,A
wcrc-00027,West Coast,Baker Creek,-41.24401316,172.1460063,Forest,lowland,Native vegetation,2141,0.13,46.08,47.2,5.09,1,0.13,0.28,46.65,0.77,45.8,4.31,0,0.69,0.55,0.21,0.11,36,0.0041,0.955,0.0057,0.005,0.0073,A,A,A,D,A,A,A
wcrc-00028,West Coast,Baker Creek,-41.24605607,172.1301184,Rural,lowland,Pasture,2141,0.13,46.08,47.2,5.09,1,0.13,0.28,46.65,0.77,45.8,4.31,0,0.69,0.55,0.21,0.11,310,0.007,0.855,0.0138,0.0183,0.026,E,B,A,D,A,A,A
wcrc-00029,West Coast,Mokihinui River,-41.54556872,171.9794829,Rural,lowland,Pasture,2829,0,87.26,6.19,4.43,1.65,0,0.03,1.31,0.08,87.23,4.35,4.87,0.01,0,1.63,0.01,12,0.002,1.31,0.0115,0.096,0.096,D,A,A,D,A,A,A
wcrc-00031,West Coast,Grey River,-42.48180414,171.3762322,Forest,lowland,Native vegetation,3004,0,67.28,20.77,7.47,2.42,0,3.72,13.61,1.31,63.56,6.17,6.69,0.24,0.47,2.1,0.09,18.5,0.002,3.025,0.0014,0.142,0.1435,A,A,A,A,A,A,A
wcrc-00032,West Coast,Grey River,-42.55666403,171.4594745,Forest,lowland,Native vegetation,3373,0,67.28,20.77,7.47,2.42,0,3.72,13.61,1.31,63.56,6.17,6.69,0.24,0.47,2.1,0.09,7,0.002,4.11,0.0027,0.088,0.0895,A,A,A,A,A,A,A
wcrc-00033,West Coast,Grey River,-42.63002914,171.5966451,Forest,lowland,Native vegetation,3279,0,67.28,20.77,7.47,2.42,0,3.72,13.61,1.31,63.56,6.17,6.69,0.24,0.47,2.1,0.09,5,0.002,8.895,0.0014,0.036,0.036,A,A,A,A,A,A,A
wcrc-00036,West Coast,Grey River,-42.64485315,171.3532487,Forest,upland,Native vegetation,3373,0,67.28,20.77,7.47,2.42,0,3.72,13.61,1.31,63.56,6.17,6.69,0.24,0.47,2.1,0.09,2,0.002,9.3,0.001,0.005,0.0078,A,A,A,A,A,A,A
wcrc-00037,West Coast,Grey River,-42.65262754,171.4350139,Rural,lowland,Pasture,3373,0,67.28,20.77,7.47,2.42,0,3.72,13.61,1.31,63.56,6.17,6.69,0.24,0.47,2.1,0.09,58,0.0054,,0.0062,0.37,0.37,D,A,A,,A,A,A
wcrc-00039,West Coast,Grey River,-42.60115919,171.4973736,Forest,lowland,Native vegetation,3373,0,67.28,20.77,7.47,2.42,0,3.72,13.61,1.31,63.56,6.17,6.69,0.24,0.47,2.1,0.09,20,0.002,3.525,0.0011,0.098,0.099,B,A,A,A,A,A,A
wcrc-00040,West Coast,Grey River,-42.61157882,171.4132558,Forest,lowland,Native vegetation,3373,0,67.28,20.77,7.47,2.42,0,3.72,13.61,1.31,63.56,6.17,6.69,0.24,0.47,2.1,0.09,110,0.002,,0.0029,0.027,0.028,D,A,A,,A,A,A
